{"v":"5.7.5","fr":29.9700012207031,"ip":0,"op":23.0000009368092,"w":500,"h":500,"nm":"112-book-morph-outline","ddd":0,"assets":[{"id":"comp_0","layers":[{"ddd":0,"ind":1,"ty":4,"nm":"Shape Layer 18","sr":1,"ks":{"o":{"a":0,"k":100,"ix":11},"r":{"a":0,"k":0,"ix":10},"p":{"a":0,"k":[367.5,250,0],"ix":2,"l":2},"a":{"a":0,"k":[0,0,0],"ix":1,"l":2},"s":{"a":0,"k":[100,100,100],"ix":6,"l":2}},"ao":0,"shapes":[{"ty":"gr","it":[{"ty":"tm","s":{"a":0,"k":0,"ix":1},"e":{"a":0,"k":100,"ix":2},"o":{"a":0,"k":0,"ix":3},"m":1,"ix":1,"nm":"Trim Paths 1","mn":"ADBE Vector Filter - Trim","hd":false},{"ind":1,"ty":"sh","ix":2,"ks":{"a":1,"k":[{"i":{"x":0.833,"y":0.833},"o":{"x":0.167,"y":0},"t":8,"s":[{"i":[[0,0],[54.095,1.509],[0,0],[0,0],[-27.07,0.196],[0,0]],"o":[[0,0],[-32.782,-0.915],[0,0],[0,0],[40.587,-0.293],[0,0]],"v":[[94.5,-117.726],[-32.465,-138.585],[-84.5,-120.093],[-83.98,141.123],[-33.506,124.793],[94.5,140.263]],"c":true}]},{"i":{"x":0.833,"y":0.833},"o":{"x":0.167,"y":0.167},"t":9,"s":[{"i":[[0,0],[53.818,-20.704],[0,0],[0,0],[-22.464,10.226],[0,0]],"o":[[0,0],[-32.182,10.296],[0,0],[0,0],[27.536,-13.774],[0,0]],"v":[[67.1,-150.509],[-40.818,-150.296],[-84.504,-118.265],[-84.065,141.123],[-35.536,109.274],[67.1,107.48]],"c":true}]},{"i":{"x":0.833,"y":0.833},"o":{"x":0.167,"y":0.167},"t":11,"s":[{"i":[[0,0],[17.036,-26.06],[0,0],[0,0],[-9.862,11.538],[0,0]],"o":[[0,0],[-9.964,16.44],[0,0],[0,0],[12.638,-17.962],[0,0]],"v":[[-18.493,-199.09],[-68.036,-148.94],[-84.515,-112.592],[-84.33,141.123],[-67.638,104.462],[-18.493,58.899]],"c":true}]},{"i":{"x":0.833,"y":0.917},"o":{"x":0.167,"y":0.167},"t":12,"s":[{"i":[[0,0],[5.227,-13.604],[0,0],[0,0],[-4.147,3.036],[0,0]],"o":[[0,0],[-2.961,8.83],[0,0],[0,0],[3.769,-12.474],[0,0]],"v":[[-61.295,-184.381],[-81.645,-148.262],[-84.521,-109.755],[-84.463,141.123],[-83.689,102.056],[-61.295,73.608]],"c":true}]},{"i":{"x":0.833,"y":0.833},"o":{"x":0.167,"y":0.083},"t":13,"s":[{"i":[[0,0],[-6.049,-17.102],[0,0],[0,0],[1.142,3.693],[0,0]],"o":[[0,0],[3.921,11.085],[0,0],[0,0],[-4.728,-15.293],[0,0]],"v":[[-109.556,-188.726],[-93.921,-152.585],[-84.5,-120.093],[-84.574,141.123],[-95.272,96.793],[-109.556,69.263]],"c":true}]},{"i":{"x":0.667,"y":1},"o":{"x":0.167,"y":0.167},"t":15,"s":[{"i":[[0,0],[-34.048,-5.757],[0,0],[0,0],[16.302,1.561],[0,0]],"o":[[0,0],[20.733,3.77],[0,0],[0,0],[-25.619,-6.15],[0,0]],"v":[[-221.131,-157.445],[-118.657,-144.051],[-84.5,-120.093],[-84.834,141.123],[-118.575,113.862],[-221.131,100.543]],"c":true}]},{"t":17.0000006924242,"s":[{"i":[[0,0],[-51.98,1.509],[0,0],[0,0],[26.011,0.196],[0,0]],"o":[[0,0],[31.5,-0.915],[0,0],[0,0],[-39,-0.293],[0,0]],"v":[[-256.5,-117.726],[-134.5,-138.585],[-84.5,-120.093],[-85,141.123],[-133.5,124.793],[-256.5,140.263]],"c":true}]}],"ix":2},"nm":"Path 1","mn":"ADBE Vector Shape - Group","hd":false},{"ty":"st","c":{"a":0,"k":[0,0,0,1],"ix":3},"o":{"a":0,"k":100,"ix":4},"w":{"a":0,"k":12,"ix":5},"lc":2,"lj":2,"bm":0,"nm":"Stroke 1","mn":"ADBE Vector Graphic - Stroke","hd":false},{"ty":"tr","p":{"a":0,"k":[-32.5,-8],"ix":2},"a":{"a":0,"k":[0,0],"ix":1},"s":{"a":0,"k":[100,100],"ix":3},"r":{"a":0,"k":0,"ix":6},"o":{"a":0,"k":100,"ix":7},"sk":{"a":0,"k":0,"ix":4},"sa":{"a":0,"k":0,"ix":5},"nm":"Transform"}],"nm":"Rectangle 1","np":3,"cix":2,"bm":0,"ix":1,"mn":"ADBE Vector Group","hd":false}],"ip":8.00000032584668,"op":17.0000006924242,"st":3.00000012219251,"bm":0},{"ddd":0,"ind":2,"ty":4,"nm":"Shape Layer 12","td":1,"sr":1,"ks":{"o":{"a":0,"k":100,"ix":11},"r":{"a":0,"k":0,"ix":10},"p":{"a":0,"k":[367.5,250,0],"ix":2,"l":2},"a":{"a":0,"k":[0,0,0],"ix":1,"l":2},"s":{"a":0,"k":[100,100,100],"ix":6,"l":2}},"ao":0,"shapes":[{"ty":"gr","it":[{"ty":"tm","s":{"a":0,"k":0,"ix":1},"e":{"a":0,"k":100,"ix":2},"o":{"a":0,"k":0,"ix":3},"m":1,"ix":1,"nm":"Trim Paths 1","mn":"ADBE Vector Filter - Trim","hd":false},{"ind":1,"ty":"sh","ix":2,"ks":{"a":1,"k":[{"i":{"x":0.833,"y":0.833},"o":{"x":0.167,"y":0},"t":8,"s":[{"i":[[0,0],[54.095,1.509],[0,0],[0,0],[-27.07,0.196],[0,0]],"o":[[0,0],[-32.782,-0.915],[0,0],[0,0],[40.587,-0.293],[0,0]],"v":[[94.5,-117.726],[-32.465,-138.585],[-84.5,-120.093],[-83.98,141.123],[-33.506,124.793],[94.5,140.263]],"c":true}]},{"i":{"x":0.833,"y":0.833},"o":{"x":0.167,"y":0.167},"t":9,"s":[{"i":[[0,0],[53.818,-20.704],[0,0],[0,0],[-22.464,10.226],[0,0]],"o":[[0,0],[-32.182,10.296],[0,0],[0,0],[27.536,-13.774],[0,0]],"v":[[67.1,-150.509],[-40.818,-150.296],[-84.504,-118.265],[-84.065,141.123],[-35.536,109.274],[67.1,107.48]],"c":true}]},{"i":{"x":0.833,"y":0.833},"o":{"x":0.167,"y":0.167},"t":11,"s":[{"i":[[0,0],[17.036,-26.06],[0,0],[0,0],[-9.862,11.538],[0,0]],"o":[[0,0],[-9.964,16.44],[0,0],[0,0],[12.638,-17.962],[0,0]],"v":[[-18.493,-199.09],[-68.036,-148.94],[-84.515,-112.592],[-84.33,141.123],[-67.638,104.462],[-18.493,58.899]],"c":true}]},{"i":{"x":0.833,"y":0.917},"o":{"x":0.167,"y":0.167},"t":12,"s":[{"i":[[0,0],[5.227,-13.604],[0,0],[0,0],[-4.147,3.036],[0,0]],"o":[[0,0],[-2.961,8.83],[0,0],[0,0],[3.769,-12.474],[0,0]],"v":[[-61.295,-184.381],[-81.645,-148.262],[-84.521,-109.755],[-84.463,141.123],[-83.689,102.056],[-61.295,73.608]],"c":true}]},{"i":{"x":0.833,"y":0.833},"o":{"x":0.167,"y":0.083},"t":13,"s":[{"i":[[0,0],[-6.049,-17.102],[0,0],[0,0],[1.142,3.693],[0,0]],"o":[[0,0],[3.921,11.085],[0,0],[0,0],[-4.728,-15.293],[0,0]],"v":[[-109.556,-188.726],[-93.921,-152.585],[-84.5,-120.093],[-84.574,141.123],[-95.272,96.793],[-109.556,69.263]],"c":true}]},{"i":{"x":0.667,"y":1},"o":{"x":0.167,"y":0.167},"t":15,"s":[{"i":[[0,0],[-34.048,-5.757],[0,0],[0,0],[16.302,1.561],[0,0]],"o":[[0,0],[20.733,3.77],[0,0],[0,0],[-25.619,-6.15],[0,0]],"v":[[-221.131,-157.445],[-118.657,-144.051],[-84.5,-120.093],[-84.834,141.123],[-118.575,113.862],[-221.131,100.543]],"c":true}]},{"t":17.0000006924242,"s":[{"i":[[0,0],[-51.98,1.509],[0,0],[0,0],[26.011,0.196],[0,0]],"o":[[0,0],[31.5,-0.915],[0,0],[0,0],[-39,-0.293],[0,0]],"v":[[-256.5,-117.726],[-134.5,-138.585],[-84.5,-120.093],[-85,141.123],[-133.5,124.793],[-256.5,140.263]],"c":true}]}],"ix":2},"nm":"Path 1","mn":"ADBE Vector Shape - Group","hd":false},{"ty":"st","c":{"a":0,"k":[0.03137254902,0.658823529412,0.541176470588,1],"ix":3},"o":{"a":0,"k":100,"ix":4},"w":{"a":0,"k":0,"ix":5},"lc":2,"lj":2,"bm":0,"nm":"Stroke 1","mn":"ADBE Vector Graphic - Stroke","hd":false},{"ty":"tr","p":{"a":0,"k":[-32.5,-8],"ix":2},"a":{"a":0,"k":[0,0],"ix":1},"s":{"a":0,"k":[100,100],"ix":3},"r":{"a":0,"k":0,"ix":6},"o":{"a":0,"k":100,"ix":7},"sk":{"a":0,"k":0,"ix":4},"sa":{"a":0,"k":0,"ix":5},"nm":"Transform"}],"nm":"Rectangle 1","np":3,"cix":2,"bm":0,"ix":1,"mn":"ADBE Vector Group","hd":false},{"ty":"fl","c":{"a":0,"k":[1,0,0,1],"ix":4},"o":{"a":0,"k":100,"ix":5},"r":1,"bm":0,"nm":"Fill 1","mn":"ADBE Vector Graphic - Fill","hd":false}],"ip":8.00000032584668,"op":17.0000006924242,"st":3.00000012219251,"bm":0},{"ddd":0,"ind":3,"ty":0,"nm":"Book_2","tt":2,"refId":"comp_1","sr":1,"ks":{"o":{"a":0,"k":100,"ix":11},"r":{"a":0,"k":0,"ix":10},"p":{"a":0,"k":[250,250,0],"ix":2,"l":2},"a":{"a":0,"k":[250,250,0],"ix":1,"l":2},"s":{"a":0,"k":[100,100,100],"ix":6,"l":2}},"ao":0,"w":500,"h":500,"ip":0,"op":150.000006109625,"st":0,"bm":0}]},{"id":"comp_1","layers":[{"ddd":0,"ind":1,"ty":4,"nm":"Shape Layer 10","td":1,"sr":1,"ks":{"o":{"a":0,"k":100,"ix":11},"r":{"a":0,"k":0,"ix":10},"p":{"a":0,"k":[250,250,0],"ix":2,"l":2},"a":{"a":0,"k":[0,0,0],"ix":1,"l":2},"s":{"a":0,"k":[100,100,100],"ix":6,"l":2}},"ao":0,"shapes":[{"ty":"gr","it":[{"ind":0,"ty":"sh","ix":1,"ks":{"a":1,"k":[{"i":{"x":0.833,"y":0.833},"o":{"x":0.167,"y":0.167},"t":0,"s":[{"i":[[0,0],[0.118,-8.82],[0,0],[0,0],[0,0],[0,0],[0,0],[0,0],[0,0]],"o":[[0,0],[-0.149,11.203],[0,0],[0,0],[0,0],[0,0],[0,0],[0,0],[0,0]],"v":[[-67,-172],[-96.851,-120.953],[-86.75,-104.25],[-51.696,-108.993],[-25,-101],[78.5,-100.5],[79,153],[137,153],[137,-166]],"c":true}]},{"i":{"x":0.833,"y":0.833},"o":{"x":0.167,"y":0.167},"t":1,"s":[{"i":[[0,0],[0.118,-8.82],[0,0],[0,0],[0,0],[0,0],[0,0],[0,0],[0,0]],"o":[[0,0],[-0.149,11.203],[0,0],[0,0],[0,0],[0,0],[0,0],[0,0],[0,0]],"v":[[-67,-172],[-92.726,-118.953],[-80.5,-104],[-51.696,-108.993],[76,-98],[101,-97.875],[98.5,153],[137,153],[137,-166]],"c":true}]},{"i":{"x":0.833,"y":0.833},"o":{"x":0.167,"y":0.167},"t":2,"s":[{"i":[[0,0],[0.118,-8.82],[0,0],[0,0],[0,0],[0,0],[0,0],[0,0],[0,0]],"o":[[0,0],[-0.149,11.203],[0,0],[0,0],[0,0],[0,0],[0,0],[0,0],[0,0]],"v":[[-67,-172],[-83.101,-118.453],[-74.25,-103.75],[-51.696,-108.993],[-20,-93.5],[76,-90.5],[79,153],[137,153],[137,-166]],"c":true}]},{"i":{"x":0.833,"y":0.833},"o":{"x":0.167,"y":0.167},"t":3,"s":[{"i":[[0,0],[0,0],[-1.427,-3.569],[0,0],[0,0],[0,0],[0,0],[0,0],[0,0]],"o":[[0,0],[0,0],[3.5,8.75],[0,0],[0,0],[0,0],[0,0],[0,0],[0,0]],"v":[[-67,-172],[-68.912,-119.41],[-67.25,-108],[-59.446,-98.993],[-67,80.5],[48,45],[49,153],[137,153],[137,-166]],"c":true}]},{"i":{"x":0.833,"y":0.833},"o":{"x":0.167,"y":0.167},"t":4,"s":[{"i":[[0,0],[0,0],[0,0],[0,0],[0,0],[0,0],[0,0],[0,0],[0,0]],"o":[[0,0],[0,0],[0,0],[0,0],[0,0],[0,0],[0,0],[0,0],[0,0]],"v":[[-67,-172],[-52.412,-134.91],[-52.75,-105],[-38.446,-100.243],[-18.5,80.5],[2,45],[3,153],[137,153],[137,-166]],"c":true}]},{"i":{"x":0.833,"y":0.833},"o":{"x":0.167,"y":0.167},"t":5,"s":[{"i":[[0,0],[0,0],[0,0],[0,0],[0,0],[0,0],[0,0],[0,0],[0,0]],"o":[[0,0],[0,0],[0,0],[0,0],[0,0],[0,0],[0,0],[0,0],[0,0]],"v":[[-57,-196],[-6.746,-175.243],[-34.333,-144.833],[-58.029,-123.16],[-46.833,50.833],[-47.833,82],[-31,157.5],[137,153],[137,-166]],"c":true}]},{"t":7.00000028511585,"s":[{"i":[[0,0],[0,0],[0,0],[0,0],[0,0],[0,0],[0,0],[0,0],[0,0]],"o":[[0,0],[0,0],[0,0],[0,0],[0,0],[0,0],[0,0],[0,0],[0,0]],"v":[[-37,-244],[-213.912,-176.41],[-198.5,-143.5],[-182.696,-152.493],[-202.5,114.5],[-176,156],[3,153],[137,153],[137,-166]],"c":true}]}],"ix":2},"nm":"Path 1","mn":"ADBE Vector Shape - Group","hd":false},{"ty":"fl","c":{"a":0,"k":[1,0,0,1],"ix":4},"o":{"a":0,"k":100,"ix":5},"r":1,"bm":0,"nm":"Fill 2","mn":"ADBE Vector Graphic - Fill","hd":false},{"ty":"st","c":{"a":0,"k":[0.03137254902,0.658823529412,0.541176470588,1],"ix":3},"o":{"a":0,"k":100,"ix":4},"w":{"a":0,"k":0,"ix":5},"lc":1,"lj":1,"ml":4,"bm":0,"nm":"Stroke 1","mn":"ADBE Vector Graphic - Stroke","hd":false},{"ty":"tr","p":{"a":0,"k":[0,0],"ix":2},"a":{"a":0,"k":[0,0],"ix":1},"s":{"a":0,"k":[100,100],"ix":3},"r":{"a":0,"k":0,"ix":6},"o":{"a":0,"k":100,"ix":7},"sk":{"a":0,"k":0,"ix":4},"sa":{"a":0,"k":0,"ix":5},"nm":"Transform"}],"nm":"Shape 1","np":4,"cix":2,"bm":0,"ix":1,"mn":"ADBE Vector Group","hd":false}],"ip":0,"op":6.00000024438501,"st":0,"bm":0},{"ddd":0,"ind":2,"ty":0,"nm":"Shape Layer 7 Comp 1","tt":1,"refId":"comp_2","sr":1,"ks":{"o":{"a":0,"k":100,"ix":11},"r":{"a":0,"k":0,"ix":10},"p":{"a":0,"k":[250,250,0],"ix":2,"l":2},"a":{"a":0,"k":[250,250,0],"ix":1,"l":2},"s":{"a":0,"k":[100,100,100],"ix":6,"l":2}},"ao":0,"w":500,"h":500,"ip":0,"op":6.00000024438501,"st":0,"bm":0},{"ddd":0,"ind":3,"ty":4,"nm":"Shape Layer 16","parent":8,"sr":1,"ks":{"o":{"a":0,"k":100,"ix":11},"r":{"a":0,"k":0,"ix":10},"p":{"a":0,"k":[0,0,0],"ix":2,"l":2},"a":{"a":0,"k":[0,0,0],"ix":1,"l":2},"s":{"a":0,"k":[100,100,100],"ix":6,"l":2}},"ao":0,"shapes":[{"ty":"gr","it":[{"ty":"tm","s":{"a":0,"k":0,"ix":1},"e":{"a":0,"k":100,"ix":2},"o":{"a":0,"k":0,"ix":3},"m":1,"ix":1,"nm":"Trim Paths 1","mn":"ADBE Vector Filter - Trim","hd":false},{"ind":1,"ty":"sh","ix":2,"ks":{"a":1,"k":[{"i":{"x":0.833,"y":1},"o":{"x":0.167,"y":0},"t":0,"s":[{"i":[[0,0],[53.221,0.085],[0,0],[0,0],[-26.994,0.196],[0,0]],"o":[[0,0],[-32.703,-0.052],[0,0],[0,0],[40.474,-0.293],[0,0]],"v":[[117.5,-115.726],[-30.221,-115.835],[-84.611,-65.093],[-83.981,141.123],[-33.648,124.793],[117.5,142.263]],"c":true}]},{"i":{"x":0.833,"y":1},"o":{"x":0.167,"y":0},"t":2,"s":[{"i":[[0,0],[53.944,1.509],[0,0],[0,0],[-26.994,0.196],[0,0]],"o":[[0,0],[-32.69,-0.915],[0,0],[0,0],[40.474,-0.293],[0,0]],"v":[[117.5,-115.726],[-30.11,-121.585],[-84.611,-65.093],[-83.981,141.123],[-33.648,124.793],[117.5,142.263]],"c":true}]},{"i":{"x":0.833,"y":0.833},"o":{"x":0.167,"y":0},"t":3,"s":[{"i":[[0,0],[53.944,1.509],[0,0],[0,0],[-26.994,0.196],[0,0]],"o":[[0,0],[-32.69,-0.915],[0,0],[0,0],[40.474,-0.293],[0,0]],"v":[[94,-117.726],[-28.61,-129.585],[-84.611,-65.093],[-83.981,141.123],[-33.648,124.793],[94,140.263]],"c":true}]},{"i":{"x":0.833,"y":0.917},"o":{"x":0.167,"y":0.167},"t":7,"s":[{"i":[[0,0],[5.227,-13.604],[0,0],[0,0],[-4.147,3.036],[0,0]],"o":[[0,0],[-2.961,8.83],[0,0],[0,0],[3.769,-12.474],[0,0]],"v":[[-61.295,-184.381],[-81.645,-148.262],[-84.521,-109.755],[-84.463,141.123],[-83.689,102.056],[-61.295,73.608]],"c":true}]},{"i":{"x":0.833,"y":0.833},"o":{"x":0.167,"y":0.083},"t":8,"s":[{"i":[[0,0],[-6.049,-17.102],[0,0],[0,0],[1.142,3.693],[0,0]],"o":[[0,0],[3.921,11.085],[0,0],[0,0],[-4.728,-15.293],[0,0]],"v":[[-109.556,-188.726],[-93.921,-152.585],[-84.5,-120.093],[-84.574,141.123],[-95.272,96.793],[-109.556,69.263]],"c":true}]},{"i":{"x":0.667,"y":1},"o":{"x":0.167,"y":0.167},"t":10,"s":[{"i":[[0,0],[-34.048,-5.757],[0,0],[0,0],[16.302,1.561],[0,0]],"o":[[0,0],[20.733,3.77],[0,0],[0,0],[-25.619,-6.15],[0,0]],"v":[[-221.131,-157.445],[-118.657,-144.051],[-84.5,-120.093],[-84.834,141.123],[-118.575,113.862],[-221.131,100.543]],"c":true}]},{"t":12.00000048877,"s":[{"i":[[0,0],[-51.98,1.509],[0,0],[0,0],[26.011,0.196],[0,0]],"o":[[0,0],[31.5,-0.915],[0,0],[0,0],[-39,-0.293],[0,0]],"v":[[-256.5,-117.726],[-134.5,-138.585],[-84.5,-120.093],[-85,141.123],[-133.5,124.793],[-256.5,140.263]],"c":true}]}],"ix":2},"nm":"Path 1","mn":"ADBE Vector Shape - Group","hd":false},{"ty":"st","c":{"a":0,"k":[0,0,0,1],"ix":3},"o":{"a":0,"k":100,"ix":4},"w":{"a":0,"k":12,"ix":5},"lc":2,"lj":2,"bm":0,"nm":"Stroke 1","mn":"ADBE Vector Graphic - Stroke","hd":false},{"ty":"tr","p":{"a":0,"k":[-32.5,-8],"ix":2},"a":{"a":0,"k":[0,0],"ix":1},"s":{"a":0,"k":[100,100],"ix":3},"r":{"a":0,"k":0,"ix":6},"o":{"a":0,"k":100,"ix":7},"sk":{"a":0,"k":0,"ix":4},"sa":{"a":0,"k":0,"ix":5},"nm":"Transform"}],"nm":"Rectangle 1","np":3,"cix":2,"bm":0,"ix":1,"mn":"ADBE Vector Group","hd":false},{"ty":"tm","s":{"a":1,"k":[{"i":{"x":[0.833],"y":[0.833]},"o":{"x":[0.167],"y":[0.167]},"t":0,"s":[33]},{"t":2.00000008146167,"s":[0]}],"ix":1},"e":{"a":1,"k":[{"i":{"x":[0.833],"y":[0.833]},"o":{"x":[0.167],"y":[0.167]},"t":0,"s":[49]},{"t":2.00000008146167,"s":[100]}],"ix":2},"o":{"a":0,"k":-119,"ix":3},"m":1,"ix":2,"nm":"Trim Paths 1","mn":"ADBE Vector Filter - Trim","hd":false}],"ip":7.00000028511585,"op":13.0000005295009,"st":-2.00000008146167,"bm":0},{"ddd":0,"ind":4,"ty":0,"nm":"Book_1","refId":"comp_3","sr":1,"ks":{"o":{"a":0,"k":100,"ix":11},"r":{"a":0,"k":0,"ix":10},"p":{"a":0,"k":[250,250,0],"ix":2,"l":2},"a":{"a":0,"k":[250,250,0],"ix":1,"l":2},"s":{"a":0,"k":[100,100,100],"ix":6,"l":2}},"ao":0,"w":500,"h":500,"ip":13.0000005295009,"op":150.000006109625,"st":0,"bm":0},{"ddd":0,"ind":5,"ty":4,"nm":"Shape Layer 15","parent":8,"td":1,"sr":1,"ks":{"o":{"a":0,"k":100,"ix":11},"r":{"a":0,"k":0,"ix":10},"p":{"a":0,"k":[0,0,0],"ix":2,"l":2},"a":{"a":0,"k":[0,0,0],"ix":1,"l":2},"s":{"a":0,"k":[100,100,100],"ix":6,"l":2}},"ao":0,"shapes":[{"ty":"gr","it":[{"ty":"tm","s":{"a":0,"k":0,"ix":1},"e":{"a":0,"k":100,"ix":2},"o":{"a":0,"k":0,"ix":3},"m":1,"ix":1,"nm":"Trim Paths 1","mn":"ADBE Vector Filter - Trim","hd":false},{"ind":1,"ty":"sh","ix":2,"ks":{"a":1,"k":[{"i":{"x":0.833,"y":1},"o":{"x":0.167,"y":0},"t":0,"s":[{"i":[[0,0],[53.221,0.085],[0,0],[0,0],[-26.994,0.196],[0,0]],"o":[[0,0],[-32.703,-0.052],[0,0],[0,0],[40.474,-0.293],[0,0]],"v":[[117.5,-115.726],[-30.221,-115.835],[-84.611,-65.093],[-83.981,141.123],[-33.648,124.793],[117.5,142.263]],"c":true}]},{"i":{"x":0.833,"y":1},"o":{"x":0.167,"y":0},"t":2,"s":[{"i":[[0,0],[53.944,1.509],[0,0],[0,0],[-26.994,0.196],[0,0]],"o":[[0,0],[-32.69,-0.915],[0,0],[0,0],[40.474,-0.293],[0,0]],"v":[[117.5,-115.726],[-30.11,-121.585],[-84.611,-65.093],[-83.981,141.123],[-33.648,124.793],[117.5,142.263]],"c":true}]},{"i":{"x":0.833,"y":0.833},"o":{"x":0.167,"y":0},"t":3,"s":[{"i":[[0,0],[53.944,1.509],[0,0],[0,0],[-26.994,0.196],[0,0]],"o":[[0,0],[-32.69,-0.915],[0,0],[0,0],[40.474,-0.293],[0,0]],"v":[[94,-117.726],[-28.61,-129.585],[-84.611,-65.093],[-83.981,141.123],[-33.648,124.793],[94,140.263]],"c":true}]},{"i":{"x":0.833,"y":0.917},"o":{"x":0.167,"y":0.167},"t":7,"s":[{"i":[[0,0],[5.227,-13.604],[0,0],[0,0],[-4.147,3.036],[0,0]],"o":[[0,0],[-2.961,8.83],[0,0],[0,0],[3.769,-12.474],[0,0]],"v":[[-61.295,-184.381],[-81.645,-148.262],[-84.521,-109.755],[-84.463,141.123],[-83.689,102.056],[-61.295,73.608]],"c":true}]},{"i":{"x":0.833,"y":0.833},"o":{"x":0.167,"y":0.083},"t":8,"s":[{"i":[[0,0],[-6.049,-17.102],[0,0],[0,0],[1.142,3.693],[0,0]],"o":[[0,0],[3.921,11.085],[0,0],[0,0],[-4.728,-15.293],[0,0]],"v":[[-109.556,-188.726],[-93.921,-152.585],[-84.5,-120.093],[-84.574,141.123],[-95.272,96.793],[-109.556,69.263]],"c":true}]},{"i":{"x":0.667,"y":1},"o":{"x":0.167,"y":0.167},"t":10,"s":[{"i":[[0,0],[-34.048,-5.757],[0,0],[0,0],[16.302,1.561],[0,0]],"o":[[0,0],[20.733,3.77],[0,0],[0,0],[-25.619,-6.15],[0,0]],"v":[[-221.131,-157.445],[-118.657,-144.051],[-84.5,-120.093],[-84.834,141.123],[-118.575,113.862],[-221.131,100.543]],"c":true}]},{"t":12.00000048877,"s":[{"i":[[0,0],[-51.98,1.509],[0,0],[0,0],[26.011,0.196],[0,0]],"o":[[0,0],[31.5,-0.915],[0,0],[0,0],[-39,-0.293],[0,0]],"v":[[-256.5,-117.726],[-134.5,-138.585],[-84.5,-120.093],[-85,141.123],[-133.5,124.793],[-256.5,140.263]],"c":true}]}],"ix":2},"nm":"Path 1","mn":"ADBE Vector Shape - Group","hd":false},{"ty":"st","c":{"a":0,"k":[0.03137254902,0.658823529412,0.541176470588,1],"ix":3},"o":{"a":0,"k":100,"ix":4},"w":{"a":0,"k":0,"ix":5},"lc":2,"lj":2,"bm":0,"nm":"Stroke 1","mn":"ADBE Vector Graphic - Stroke","hd":false},{"ty":"tr","p":{"a":0,"k":[-32.5,-8],"ix":2},"a":{"a":0,"k":[0,0],"ix":1},"s":{"a":0,"k":[100,100],"ix":3},"r":{"a":0,"k":0,"ix":6},"o":{"a":0,"k":100,"ix":7},"sk":{"a":0,"k":0,"ix":4},"sa":{"a":0,"k":0,"ix":5},"nm":"Transform"}],"nm":"Rectangle 1","np":3,"cix":2,"bm":0,"ix":1,"mn":"ADBE Vector Group","hd":false},{"ty":"tm","s":{"a":1,"k":[{"i":{"x":[0.833],"y":[0.833]},"o":{"x":[0.167],"y":[0.167]},"t":0,"s":[33]},{"t":2.00000008146167,"s":[0]}],"ix":1},"e":{"a":1,"k":[{"i":{"x":[0.833],"y":[0.833]},"o":{"x":[0.167],"y":[0.167]},"t":0,"s":[49]},{"t":2.00000008146167,"s":[100]}],"ix":2},"o":{"a":0,"k":-119,"ix":3},"m":1,"ix":2,"nm":"Trim Paths 1","mn":"ADBE Vector Filter - Trim","hd":false},{"ty":"fl","c":{"a":0,"k":[1,0,0,1],"ix":4},"o":{"a":0,"k":100,"ix":5},"r":1,"bm":0,"nm":"Fill 1","mn":"ADBE Vector Graphic - Fill","hd":false}],"ip":7.00000028511585,"op":13.0000005295009,"st":-2.00000008146167,"bm":0},{"ddd":0,"ind":6,"ty":0,"nm":"Book_1","tt":2,"refId":"comp_3","sr":1,"ks":{"o":{"a":0,"k":100,"ix":11},"r":{"a":0,"k":0,"ix":10},"p":{"a":0,"k":[250,250,0],"ix":2,"l":2},"a":{"a":0,"k":[250,250,0],"ix":1,"l":2},"s":{"a":0,"k":[100,100,100],"ix":6,"l":2}},"ao":0,"w":500,"h":500,"ip":7.00000028511585,"op":13.0000005295009,"st":0,"bm":0},{"ddd":0,"ind":7,"ty":0,"nm":"Book_1","refId":"comp_3","sr":1,"ks":{"o":{"a":0,"k":100,"ix":11},"r":{"a":0,"k":0,"ix":10},"p":{"a":0,"k":[250,250,0],"ix":2,"l":2},"a":{"a":0,"k":[250,250,0],"ix":1,"l":2},"s":{"a":0,"k":[100,100,100],"ix":6,"l":2}},"ao":0,"w":500,"h":500,"ip":0,"op":7.00000028511585,"st":0,"bm":0},{"ddd":0,"ind":8,"ty":3,"nm":"Shape Layer 14","sr":1,"ks":{"o":{"a":0,"k":100,"ix":11},"r":{"a":0,"k":0,"ix":10},"p":{"a":1,"k":[{"i":{"x":0.667,"y":1},"o":{"x":0.333,"y":0},"t":0,"s":[250,250,0],"to":[19.583,0,0],"ti":[-19.583,0,0]},{"t":9.00000036657752,"s":[367.5,250,0]}],"ix":2,"l":2},"a":{"a":0,"k":[0,0,0],"ix":1,"l":2},"s":{"a":0,"k":[100,100,100],"ix":6,"l":2}},"ao":0,"ip":0,"op":150.000006109625,"st":0,"bm":0}]},{"id":"comp_2","layers":[{"ddd":0,"ind":1,"ty":4,"nm":"Shape Layer 7","sr":1,"ks":{"o":{"a":0,"k":100,"ix":11},"r":{"a":0,"k":0,"ix":10},"p":{"a":0,"k":[250,250,0],"ix":2,"l":2},"a":{"a":0,"k":[0,0,0],"ix":1,"l":2},"s":{"a":0,"k":[100,100,100],"ix":6,"l":2}},"ao":0,"shapes":[{"ty":"gr","it":[{"ty":"tm","s":{"a":0,"k":0,"ix":1},"e":{"a":0,"k":100,"ix":2},"o":{"a":0,"k":0,"ix":3},"m":1,"ix":1,"nm":"Trim Paths 1","mn":"ADBE Vector Filter - Trim","hd":false},{"ind":1,"ty":"sh","ix":2,"ks":{"a":1,"k":[{"i":{"x":0.833,"y":1},"o":{"x":0.167,"y":0},"t":0,"s":[{"i":[[0,0],[53.221,0.085],[0,0],[0,0],[-26.994,0.196],[0,0]],"o":[[0,0],[-32.703,-0.052],[0,0],[0,0],[40.474,-0.293],[0,0]],"v":[[117.5,-115.726],[-30.221,-115.835],[-84.611,-65.093],[-83.981,141.123],[-33.648,124.793],[117.5,142.263]],"c":true}]},{"i":{"x":0.833,"y":1},"o":{"x":0.167,"y":0},"t":2,"s":[{"i":[[0,0],[53.944,1.509],[0,0],[0,0],[-26.994,0.196],[0,0]],"o":[[0,0],[-32.69,-0.915],[0,0],[0,0],[40.474,-0.293],[0,0]],"v":[[117.5,-115.726],[-30.11,-121.585],[-84.611,-65.093],[-83.981,141.123],[-33.648,124.793],[117.5,142.263]],"c":true}]},{"i":{"x":0.833,"y":0.833},"o":{"x":0.167,"y":0},"t":3,"s":[{"i":[[0,0],[53.944,1.509],[0,0],[0,0],[-26.994,0.196],[0,0]],"o":[[0,0],[-32.69,-0.915],[0,0],[0,0],[40.474,-0.293],[0,0]],"v":[[94,-117.726],[-28.61,-129.585],[-84.611,-65.093],[-83.981,141.123],[-33.648,124.793],[94,140.263]],"c":true}]},{"i":{"x":0.833,"y":0.917},"o":{"x":0.167,"y":0.167},"t":7,"s":[{"i":[[0,0],[5.227,-13.604],[0,0],[0,0],[-4.147,3.036],[0,0]],"o":[[0,0],[-2.961,8.83],[0,0],[0,0],[3.769,-12.474],[0,0]],"v":[[-61.295,-184.381],[-81.645,-148.262],[-84.521,-109.755],[-84.463,141.123],[-83.689,102.056],[-61.295,73.608]],"c":true}]},{"i":{"x":0.833,"y":0.833},"o":{"x":0.167,"y":0.083},"t":8,"s":[{"i":[[0,0],[-6.049,-17.102],[0,0],[0,0],[1.142,3.693],[0,0]],"o":[[0,0],[3.921,11.085],[0,0],[0,0],[-4.728,-15.293],[0,0]],"v":[[-109.556,-188.726],[-93.921,-152.585],[-84.5,-120.093],[-84.574,141.123],[-95.272,96.793],[-109.556,69.263]],"c":true}]},{"i":{"x":0.667,"y":1},"o":{"x":0.167,"y":0.167},"t":10,"s":[{"i":[[0,0],[-34.048,-5.757],[0,0],[0,0],[16.302,1.561],[0,0]],"o":[[0,0],[20.733,3.77],[0,0],[0,0],[-25.619,-6.15],[0,0]],"v":[[-221.131,-157.445],[-118.657,-144.051],[-84.5,-120.093],[-84.834,141.123],[-118.575,113.862],[-221.131,100.543]],"c":true}]},{"t":12.00000048877,"s":[{"i":[[0,0],[-51.98,1.509],[0,0],[0,0],[26.011,0.196],[0,0]],"o":[[0,0],[31.5,-0.915],[0,0],[0,0],[-39,-0.293],[0,0]],"v":[[-256.5,-117.726],[-134.5,-138.585],[-84.5,-120.093],[-85,141.123],[-133.5,124.793],[-256.5,140.263]],"c":true}]}],"ix":2},"nm":"Path 1","mn":"ADBE Vector Shape - Group","hd":false},{"ty":"st","c":{"a":0,"k":[0,0,0,1],"ix":3},"o":{"a":0,"k":100,"ix":4},"w":{"a":0,"k":12,"ix":5},"lc":2,"lj":2,"bm":0,"nm":"Stroke 1","mn":"ADBE Vector Graphic - Stroke","hd":false},{"ty":"tr","p":{"a":0,"k":[-32.5,-8],"ix":2},"a":{"a":0,"k":[0,0],"ix":1},"s":{"a":0,"k":[100,100],"ix":3},"r":{"a":0,"k":0,"ix":6},"o":{"a":0,"k":100,"ix":7},"sk":{"a":0,"k":0,"ix":4},"sa":{"a":0,"k":0,"ix":5},"nm":"Transform"}],"nm":"Rectangle 1","np":3,"cix":2,"bm":0,"ix":1,"mn":"ADBE Vector Group","hd":false},{"ty":"tm","s":{"a":1,"k":[{"i":{"x":[0.833],"y":[0.833]},"o":{"x":[0.167],"y":[0.167]},"t":0,"s":[33]},{"t":2.00000008146167,"s":[0]}],"ix":1},"e":{"a":1,"k":[{"i":{"x":[0.833],"y":[0.833]},"o":{"x":[0.167],"y":[0.167]},"t":0,"s":[49]},{"t":2.00000008146167,"s":[100]}],"ix":2},"o":{"a":0,"k":-119,"ix":3},"m":1,"ix":2,"nm":"Trim Paths 1","mn":"ADBE Vector Filter - Trim","hd":false}],"ip":0,"op":7.00000028511585,"st":-2.00000008146167,"bm":0}]},{"id":"comp_3","layers":[{"ddd":0,"ind":1,"ty":4,"nm":"Shape Layer 13","parent":4,"sr":1,"ks":{"o":{"a":0,"k":100,"ix":11},"r":{"a":0,"k":0,"ix":10},"p":{"a":0,"k":[13.655,-77.499,0],"ix":2,"l":2},"a":{"a":0,"k":[13.655,-77.499,0],"ix":1,"l":2},"s":{"a":0,"k":[100,100,100],"ix":6,"l":2}},"ao":0,"shapes":[{"ty":"gr","it":[{"ind":0,"ty":"sh","ix":1,"ks":{"a":1,"k":[{"i":{"x":0.833,"y":0.833},"o":{"x":0.167,"y":0.167},"t":2,"s":[{"i":[[0,0],[0,0],[0,0],[0,0],[0,0]],"o":[[0,0],[0,0],[0,0],[0,0],[0,0]],"v":[[5.619,162.75],[4.329,212],[-21.171,186.5],[-46.176,211.5],[-45.762,163.003]],"c":false}]},{"i":{"x":0.833,"y":0.833},"o":{"x":0.167,"y":0.167},"t":5,"s":[{"i":[[0,0],[0,0],[0,0],[0,0],[0,0]],"o":[[0,0],[0,0],[0,0],[0,0],[0,0]],"v":[[-79.428,143.083],[-79.61,207.761],[-82.244,182.261],[-84.828,207.261],[-84.737,143.335]],"c":false}]},{"t":9.00000036657752,"s":[{"i":[[0,0],[0,0],[0,0],[0,0],[0,0]],"o":[[0,0],[0,0],[0,0],[0,0],[0,0]],"v":[[-171.958,128.34],[-170.977,202.75],[-143.124,177.25],[-115.812,202.25],[-115.948,129.27]],"c":false}]}],"ix":2},"nm":"Path 4","mn":"ADBE Vector Shape - Group","hd":false},{"ty":"st","c":{"a":0,"k":[0,0,0,1],"ix":3},"o":{"a":0,"k":100,"ix":4},"w":{"a":0,"k":12,"ix":5},"lc":2,"lj":2,"bm":0,"nm":"Stroke 1","mn":"ADBE Vector Graphic - Stroke","hd":false},{"ty":"tr","p":{"a":0,"k":[-32.5,-8],"ix":2},"a":{"a":0,"k":[0,0],"ix":1},"s":{"a":0,"k":[100,100],"ix":3},"r":{"a":0,"k":0,"ix":6},"o":{"a":0,"k":100,"ix":7},"sk":{"a":0,"k":0,"ix":4},"sa":{"a":0,"k":0,"ix":5},"nm":"Transform"}],"nm":"Rectangle 2","np":2,"cix":2,"bm":0,"ix":1,"mn":"ADBE Vector Group","hd":false}],"ip":5.00000020365417,"op":79.000003217736,"st":0,"bm":0},{"ddd":0,"ind":2,"ty":4,"nm":"Shape Layer 5","sr":1,"ks":{"o":{"a":0,"k":100,"ix":11},"r":{"a":0,"k":0,"ix":10},"p":{"a":1,"k":[{"i":{"x":0.667,"y":1},"o":{"x":0.333,"y":0},"t":0,"s":[250,250,0],"to":[19.583,0,0],"ti":[-19.583,0,0]},{"t":9.00000036657752,"s":[367.5,250,0]}],"ix":2,"l":2},"a":{"a":0,"k":[0,0,0],"ix":1,"l":2},"s":{"a":0,"k":[100,100,100],"ix":6,"l":2}},"ao":0,"shapes":[{"ty":"gr","it":[{"ty":"tm","s":{"a":1,"k":[{"t":0,"s":[59],"h":1},{"i":{"x":[0.833],"y":[0.833]},"o":{"x":[0.167],"y":[0.167]},"t":1,"s":[31]},{"i":{"x":[0.833],"y":[0.833]},"o":{"x":[0.167],"y":[0.167]},"t":2,"s":[25.5]},{"i":{"x":[0.833],"y":[0.833]},"o":{"x":[0.167],"y":[0.167]},"t":3,"s":[18]},{"t":5.00000020365417,"s":[0]}],"ix":1},"e":{"a":0,"k":100,"ix":2},"o":{"a":0,"k":0,"ix":3},"m":1,"ix":1,"nm":"Trim Paths 1","mn":"ADBE Vector Filter - Trim","hd":false},{"ind":1,"ty":"sh","ix":2,"ks":{"a":1,"k":[{"i":{"x":0.833,"y":0.833},"o":{"x":0.333,"y":0},"t":0,"s":[{"i":[[0,0],[31.387,0.182],[0,0],[0,0],[-35.478,-0.422],[0,0]],"o":[[0,0],[-36.047,-0.209],[0,0],[0,0],[17.283,0.206],[0,0]],"v":[[147.5,-84.957],[-38.078,-84.967],[-73.556,-112.533],[-74.011,127.237],[-37.169,159.668],[147.5,159.668]],"c":true}]},{"i":{"x":0.667,"y":1},"o":{"x":0.167,"y":0.167},"t":3,"s":[{"i":[[0,0],[26.613,1.405],[0,0],[0,0],[-19.539,-0.519],[0,0]],"o":[[0,0],[-18.535,-0.392],[0,0],[0,0],[25.18,-0.164],[0,0]],"v":[[41.371,-64.755],[-63.076,-99.905],[-76.394,-116.049],[-76.86,130.837],[-62.143,151.664],[41.371,185.668]],"c":true}]},{"t":9.00000036657752,"s":[{"i":[[0,0],[-51.98,1.509],[0,0],[0,0],[26.011,0.196],[0,0]],"o":[[0,0],[31.5,-0.915],[0,0],[0,0],[-39,-0.293],[0,0]],"v":[[-256.5,-117.726],[-134.5,-138.585],[-84.5,-120.093],[-85,141.123],[-133.5,124.793],[-256.5,140.263]],"c":true}]}],"ix":2},"nm":"Path 1","mn":"ADBE Vector Shape - Group","hd":false},{"ty":"st","c":{"a":0,"k":[0,0,0,1],"ix":3},"o":{"a":0,"k":100,"ix":4},"w":{"a":0,"k":12,"ix":5},"lc":2,"lj":2,"bm":0,"nm":"Stroke 1","mn":"ADBE Vector Graphic - Stroke","hd":false},{"ty":"tr","p":{"a":0,"k":[-32.5,-8],"ix":2},"a":{"a":0,"k":[0,0],"ix":1},"s":{"a":0,"k":[100,100],"ix":3},"r":{"a":0,"k":0,"ix":6},"o":{"a":0,"k":100,"ix":7},"sk":{"a":0,"k":0,"ix":4},"sa":{"a":0,"k":0,"ix":5},"nm":"Transform"}],"nm":"Rectangle 1","np":3,"cix":2,"bm":0,"ix":1,"mn":"ADBE Vector Group","hd":false}],"ip":5.00000020365417,"op":150.000006109625,"st":0,"bm":0},{"ddd":0,"ind":3,"ty":4,"nm":"Shape Layer 11","parent":4,"sr":1,"ks":{"o":{"a":0,"k":100,"ix":11},"r":{"a":0,"k":0,"ix":10},"p":{"a":0,"k":[0,0,0],"ix":2,"l":2},"a":{"a":0,"k":[0,0,0],"ix":1,"l":2},"s":{"a":0,"k":[100,100,100],"ix":6,"l":2}},"ao":0,"shapes":[{"ty":"gr","it":[{"ind":0,"ty":"sh","ix":1,"ks":{"a":1,"k":[{"i":{"x":0.667,"y":1},"o":{"x":0.333,"y":0},"t":0,"s":[{"i":[[0,0],[53.958,0.902],[0,0],[0,0],[-26.994,0.196],[0,0]],"o":[[0,0],[-39.779,-0.665],[0,0],[0,0],[40.474,-0.293],[0,0]],"v":[[147.5,-142.963],[-32.721,-144.835],[-74,-112.593],[-73.981,132.123],[-41.148,159.293],[147.5,159.526]],"c":true}]},{"t":9.00000036657752,"s":[{"i":[[0,0],[53.944,1.509],[0,0],[0,0],[-26.994,0.196],[0,0]],"o":[[0,0],[-32.69,-0.915],[0,0],[0,0],[40.474,-0.293],[0,0]],"v":[[94,-117.726],[-32.61,-138.585],[-84.5,-120.093],[-83.981,141.123],[-33.648,124.793],[94,140.263]],"c":true}]}],"ix":2},"nm":"Path 1","mn":"ADBE Vector Shape - Group","hd":false},{"ty":"tm","s":{"a":0,"k":0,"ix":1},"e":{"a":1,"k":[{"i":{"x":[0.833],"y":[0.833]},"o":{"x":[0.167],"y":[0.167]},"t":0,"s":[69]},{"t":3.00000012219251,"s":[100]}],"ix":2},"o":{"a":0,"k":85,"ix":3},"m":1,"ix":2,"nm":"Trim Paths 1","mn":"ADBE Vector Filter - Trim","hd":false},{"ty":"st","c":{"a":0,"k":[0,0,0,1],"ix":3},"o":{"a":0,"k":100,"ix":4},"w":{"a":0,"k":12,"ix":5},"lc":2,"lj":2,"bm":0,"nm":"Stroke 1","mn":"ADBE Vector Graphic - Stroke","hd":false},{"ty":"tr","p":{"a":0,"k":[-32.5,-8],"ix":2},"a":{"a":0,"k":[0,0],"ix":1},"s":{"a":0,"k":[100,100],"ix":3},"r":{"a":0,"k":0,"ix":6},"o":{"a":0,"k":100,"ix":7},"sk":{"a":0,"k":0,"ix":4},"sa":{"a":0,"k":0,"ix":5},"nm":"Transform"}],"nm":"Rectangle 2","np":3,"cix":2,"bm":0,"ix":1,"mn":"ADBE Vector Group","hd":false}],"ip":5.00000020365417,"op":89.0000036250443,"st":3.00000012219251,"bm":0},{"ddd":0,"ind":4,"ty":4,"nm":"Shape Layer 1","sr":1,"ks":{"o":{"a":0,"k":100,"ix":11},"r":{"a":0,"k":0,"ix":10},"p":{"a":1,"k":[{"i":{"x":0.667,"y":1},"o":{"x":0.333,"y":0},"t":0,"s":[250,250,0],"to":[19.583,0,0],"ti":[-19.583,0,0]},{"t":9.00000036657752,"s":[367.5,250,0]}],"ix":2,"l":2},"a":{"a":0,"k":[0,0,0],"ix":1,"l":2},"s":{"a":0,"k":[100,100,100],"ix":6,"l":2}},"ao":0,"shapes":[{"ty":"gr","it":[{"ind":0,"ty":"sh","ix":1,"ks":{"a":1,"k":[{"i":{"x":0.833,"y":0.833},"o":{"x":0.333,"y":0},"t":0,"s":[{"i":[[0,0],[31.387,0.182],[0,0],[0,0],[-35.478,-0.422],[0,0]],"o":[[0,0],[-36.047,-0.209],[0,0],[0,0],[17.283,0.206],[0,0]],"v":[[147.5,-84.957],[-38.078,-84.967],[-73.556,-112.533],[-74.011,127.237],[-37.169,159.668],[147.5,159.668]],"c":true}]},{"i":{"x":0.667,"y":1},"o":{"x":0.167,"y":0.167},"t":3,"s":[{"i":[[0,0],[23.613,22.905],[0,0],[0,0],[-17.32,-12.664],[0,0]],"o":[[0,0],[-11.887,-9.095],[0,0],[0,0],[16.18,10.336],[0,0]],"v":[[41.371,-64.755],[-65.576,-84.905],[-76.394,-116.049],[-76.86,130.837],[-59.143,158.664],[41.371,185.668]],"c":true}]},{"t":9.00000036657752,"s":[{"i":[[0,0],[-51.98,1.509],[0,0],[0,0],[26,-0.793],[0,0]],"o":[[0,0],[31.5,-0.915],[0,0],[0,0],[-35.984,1.098],[0,0]],"v":[[-262.5,-126.607],[-134.5,-142.585],[-84.5,-126.093],[-85,141.123],[-133.5,128.793],[-262.5,140.381]],"c":true}]}],"ix":2},"nm":"Path 1","mn":"ADBE Vector Shape - Group","hd":false},{"ty":"st","c":{"a":0,"k":[0,0,0,1],"ix":3},"o":{"a":0,"k":100,"ix":4},"w":{"a":0,"k":12,"ix":5},"lc":2,"lj":2,"bm":0,"nm":"Stroke 1","mn":"ADBE Vector Graphic - Stroke","hd":false},{"ty":"tr","p":{"a":0,"k":[-32.5,-8],"ix":2},"a":{"a":0,"k":[0,0],"ix":1},"s":{"a":0,"k":[100,100],"ix":3},"r":{"a":0,"k":0,"ix":6},"o":{"a":0,"k":100,"ix":7},"sk":{"a":0,"k":0,"ix":4},"sa":{"a":0,"k":0,"ix":5},"nm":"Transform"}],"nm":"Rectangle 1","np":2,"cix":2,"bm":0,"ix":1,"mn":"ADBE Vector Group","hd":false},{"ty":"gr","it":[{"ind":0,"ty":"sh","ix":1,"ks":{"a":1,"k":[{"i":{"x":0.833,"y":0.833},"o":{"x":0.333,"y":0},"t":0,"s":[{"i":[[0,0],[53.958,0.902],[0,0],[0,0],[-26.994,0.196],[0,0]],"o":[[0,0],[-39.779,-0.665],[0,0],[0,0],[40.474,-0.293],[0,0]],"v":[[147.5,-142.963],[-32.721,-144.835],[-74,-112.593],[-73.981,132.123],[-41.296,105.793],[147.352,106.026]],"c":true}]},{"i":{"x":0.667,"y":1},"o":{"x":0.167,"y":0.167},"t":3,"s":[{"i":[[0,0],[53.954,1.059],[0,0],[0,0],[-26.994,0.196],[0,0]],"o":[[0,0],[-37.941,-0.729],[0,0],[0,0],[40.474,-0.293],[0,0]],"v":[[133.63,-136.42],[-32.692,-143.215],[-76.722,-114.537],[-76.574,134.456],[-39.444,111.849],[133.389,116.032]],"c":true}]},{"t":9.00000036657752,"s":[{"i":[[0,0],[53.944,1.509],[0,0],[0,0],[-26.994,0.196],[0,0]],"o":[[0,0],[-32.69,-0.915],[0,0],[0,0],[40.474,-0.293],[0,0]],"v":[[94,-117.726],[-32.61,-138.585],[-84.5,-120.093],[-83.981,141.123],[-33.648,124.793],[94,140.263]],"c":true}]}],"ix":2},"nm":"Path 1","mn":"ADBE Vector Shape - Group","hd":false},{"ty":"tm","s":{"a":1,"k":[{"i":{"x":[0.833],"y":[0.833]},"o":{"x":[0.167],"y":[0.167]},"t":0,"s":[53]},{"i":{"x":[0.833],"y":[0.833]},"o":{"x":[0.167],"y":[0.167]},"t":2,"s":[45]},{"i":{"x":[0.833],"y":[0.833]},"o":{"x":[0.167],"y":[0.167]},"t":3,"s":[40.5]},{"t":4.00000016292334,"s":[34]}],"ix":1},"e":{"a":1,"k":[{"i":{"x":[0.667],"y":[1]},"o":{"x":[0.333],"y":[0]},"t":0,"s":[58]},{"t":3.00000012219251,"s":[98]}],"ix":2},"o":{"a":0,"k":85,"ix":3},"m":1,"ix":2,"nm":"Trim Paths 1","mn":"ADBE Vector Filter - Trim","hd":false},{"ty":"st","c":{"a":0,"k":[0,0,0,1],"ix":3},"o":{"a":0,"k":100,"ix":4},"w":{"a":0,"k":12,"ix":5},"lc":2,"lj":2,"bm":0,"nm":"Stroke 1","mn":"ADBE Vector Graphic - Stroke","hd":false},{"ty":"tr","p":{"a":0,"k":[-32.5,-8],"ix":2},"a":{"a":0,"k":[0,0],"ix":1},"s":{"a":0,"k":[100,100],"ix":3},"r":{"a":0,"k":0,"ix":6},"o":{"a":0,"k":100,"ix":7},"sk":{"a":0,"k":0,"ix":4},"sa":{"a":0,"k":0,"ix":5},"nm":"Transform"}],"nm":"Rectangle 2","np":3,"cix":2,"bm":0,"ix":2,"mn":"ADBE Vector Group","hd":false},{"ty":"gr","it":[{"ind":0,"ty":"sh","ix":1,"ks":{"a":1,"k":[{"i":{"x":0.667,"y":1},"o":{"x":0.333,"y":0},"t":0,"s":[{"i":[[0,0],[-35.478,0.455],[0,0],[0,0],[62.549,0.944],[-0.455,-8.317]],"o":[[0,0],[35.478,-0.455],[0,0],[0,0],[-30.134,-0.455],[0.576,10.529]],"v":[[-73.556,128.49],[-37.623,106.657],[147.045,105.747],[147.045,-143.017],[-38.306,-144.419],[-73.329,-112.337]],"c":false}]},{"t":9.00000036657752,"s":[{"i":[[0,0],[-39,0.5],[0,0],[0,0],[68.766,0],[7.75,-8.767]],"o":[[0,0],[39,-0.5],[0,0],[0,0],[-26.75,0],[-7.677,8.685]],"v":[[-84.5,140.5],[-34,129],[94,142.5],[94,-126.958],[-38.25,-141],[-84.25,-124.233]],"c":false}]}],"ix":2},"nm":"Path 3","mn":"ADBE Vector Shape - Group","hd":false},{"ty":"tm","s":{"a":1,"k":[{"t":0,"s":[59],"h":1},{"i":{"x":[0.833],"y":[0.833]},"o":{"x":[0.167],"y":[0.167]},"t":1,"s":[31]},{"i":{"x":[0.833],"y":[0.833]},"o":{"x":[0.167],"y":[0.167]},"t":2,"s":[25.5]},{"i":{"x":[0.833],"y":[0.833]},"o":{"x":[0.167],"y":[0.167]},"t":3,"s":[18]},{"t":5.00000020365417,"s":[0]}],"ix":1},"e":{"a":0,"k":100,"ix":2},"o":{"a":0,"k":0,"ix":3},"m":1,"ix":2,"nm":"Trim Paths 1","mn":"ADBE Vector Filter - Trim","hd":false},{"ty":"st","c":{"a":0,"k":[0,0,0,1],"ix":3},"o":{"a":0,"k":100,"ix":4},"w":{"a":0,"k":12,"ix":5},"lc":2,"lj":2,"bm":0,"nm":"Stroke 1","mn":"ADBE Vector Graphic - Stroke","hd":false},{"ty":"tr","p":{"a":0,"k":[-32.5,-8],"ix":2},"a":{"a":0,"k":[0,0],"ix":1},"s":{"a":0,"k":[100,100],"ix":3},"r":{"a":0,"k":0,"ix":6},"o":{"a":0,"k":100,"ix":7},"sk":{"a":0,"k":0,"ix":4},"sa":{"a":0,"k":0,"ix":5},"nm":"Transform"}],"nm":"Rectangle 3","np":3,"cix":2,"bm":0,"ix":3,"mn":"ADBE Vector Group","hd":false}],"ip":0,"op":5.00000020365417,"st":0,"bm":0},{"ddd":0,"ind":5,"ty":4,"nm":"Shape Layer 2","parent":4,"sr":1,"ks":{"o":{"a":0,"k":100,"ix":11},"r":{"a":0,"k":0,"ix":10},"p":{"a":0,"k":[13.655,-77.499,0],"ix":2,"l":2},"a":{"a":0,"k":[13.655,-77.499,0],"ix":1,"l":2},"s":{"a":0,"k":[100,100,100],"ix":6,"l":2}},"ao":0,"shapes":[{"ty":"gr","it":[{"ind":0,"ty":"sh","ix":1,"ks":{"a":1,"k":[{"i":{"x":0.833,"y":0.833},"o":{"x":0.167,"y":0.167},"t":0,"s":[{"i":[[0,0],[0,0],[0,0],[0,0],[0,0]],"o":[[0,0],[0,0],[0,0],[0,0],[0,0]],"v":[[5.619,162.75],[4.329,212],[-21.171,186.5],[-46.176,211.5],[-45.762,163.003]],"c":false}]},{"i":{"x":0.833,"y":0.833},"o":{"x":0.167,"y":0.167},"t":2,"s":[{"i":[[0,0],[0,0],[0,0],[0,0],[0,0]],"o":[[0,0],[0,0],[0,0],[0,0],[0,0]],"v":[[5.369,168],[4.329,212],[-21.171,186.5],[-46.176,211.5],[-45.762,163.003]],"c":false}]},{"i":{"x":0.833,"y":0.833},"o":{"x":0.167,"y":0.167},"t":3,"s":[{"i":[[0,0],[0,0],[0,0],[0,0],[0,0]],"o":[[0,0],[0,0],[0,0],[0,0],[0,0]],"v":[[-20.085,174.036],[-20.715,210.679],[-38.593,185.179],[-56.124,210.179],[-55.881,163.538]],"c":false}]},{"i":{"x":0.833,"y":0.833},"o":{"x":0.167,"y":0.167},"t":4,"s":[{"i":[[0,0],[0,0],[0,0],[0,0],[0,0]],"o":[[0,0],[0,0],[0,0],[0,0],[0,0]],"v":[[-45.417,171.071],[-45.758,209.357],[-56.015,183.857],[-66.072,208.857],[-65.999,164.074]],"c":false}]},{"i":{"x":0.833,"y":0.833},"o":{"x":0.167,"y":0.167},"t":5,"s":[{"i":[[0,0],[0,0],[0,0],[0,0],[0,0]],"o":[[0,0],[0,0],[0,0],[0,0],[0,0]],"v":[[-70.621,143.357],[-70.802,208.036],[-73.437,182.536],[-76.02,207.536],[-75.929,143.61]],"c":false}]},{"t":9.00000036657752,"s":[{"i":[[0,0],[0,0],[0,0],[0,0],[0,0]],"o":[[0,0],[0,0],[0,0],[0,0],[0,0]],"v":[[-172.168,123.598],[-170.977,202.75],[-143.124,177.25],[-115.812,202.25],[-116.047,123.85]],"c":false}]}],"ix":2},"nm":"Path 4","mn":"ADBE Vector Shape - Group","hd":false},{"ty":"st","c":{"a":0,"k":[0,0,0,1],"ix":3},"o":{"a":0,"k":100,"ix":4},"w":{"a":0,"k":12,"ix":5},"lc":2,"lj":2,"bm":0,"nm":"Stroke 1","mn":"ADBE Vector Graphic - Stroke","hd":false},{"ty":"tr","p":{"a":0,"k":[-32.5,-8],"ix":2},"a":{"a":0,"k":[0,0],"ix":1},"s":{"a":0,"k":[100,100],"ix":3},"r":{"a":0,"k":0,"ix":6},"o":{"a":0,"k":100,"ix":7},"sk":{"a":0,"k":0,"ix":4},"sa":{"a":0,"k":0,"ix":5},"nm":"Transform"}],"nm":"Rectangle 2","np":2,"cix":2,"bm":0,"ix":1,"mn":"ADBE Vector Group","hd":false}],"ip":0,"op":5.00000020365417,"st":0,"bm":0}]}],"layers":[{"ddd":0,"ind":1,"ty":4,"nm":"Shape Layer 7","sr":1,"ks":{"o":{"a":0,"k":100,"ix":11},"r":{"a":0,"k":0,"ix":10},"p":{"a":0,"k":[250,250,0],"ix":2,"l":2},"a":{"a":0,"k":[0,0,0],"ix":1,"l":2},"s":{"a":0,"k":[100,100,100],"ix":6,"l":2}},"ao":0,"shapes":[{"ty":"gr","it":[{"ty":"tm","s":{"a":0,"k":0,"ix":1},"e":{"a":0,"k":100,"ix":2},"o":{"a":0,"k":0,"ix":3},"m":1,"ix":1,"nm":"Trim Paths 1","mn":"ADBE Vector Filter - Trim","hd":false},{"ind":1,"ty":"sh","ix":2,"ks":{"a":0,"k":{"i":[[0,0],[53.221,0.085]],"o":[[0,0],[-32.703,-0.052]],"v":[[117.5,-115.726],[-30.221,-115.835]],"c":false},"ix":2},"nm":"Path 1","mn":"ADBE Vector Shape - Group","hd":false},{"ty":"st","c":{"a":0,"k":[0,0,0,1],"ix":3},"o":{"a":0,"k":100,"ix":4},"w":{"a":0,"k":12,"ix":5},"lc":2,"lj":2,"bm":0,"nm":"Stroke 1","mn":"ADBE Vector Graphic - Stroke","hd":false},{"ty":"tr","p":{"a":0,"k":[-32.5,-8],"ix":2},"a":{"a":0,"k":[0,0],"ix":1},"s":{"a":0,"k":[100,100],"ix":3},"r":{"a":0,"k":0,"ix":6},"o":{"a":0,"k":100,"ix":7},"sk":{"a":0,"k":0,"ix":4},"sa":{"a":0,"k":0,"ix":5},"nm":"Transform"}],"nm":"Rectangle 1","np":3,"cix":2,"bm":0,"ix":1,"mn":"ADBE Vector Group","hd":false}],"ip":0,"op":2.00000008146167,"st":-2.00000008146167,"bm":0},{"ddd":0,"ind":2,"ty":4,"nm":"Shape Layer 4","sr":1,"ks":{"o":{"a":0,"k":100,"ix":11},"r":{"a":0,"k":0,"ix":10},"p":{"a":0,"k":[250,250,0],"ix":2,"l":2},"a":{"a":0,"k":[0,0,0],"ix":1,"l":2},"s":{"a":0,"k":[100,100,100],"ix":6,"l":2}},"ao":0,"shapes":[{"ty":"gr","it":[{"ty":"st","c":{"a":0,"k":[0,0,0,1],"ix":3},"o":{"a":0,"k":100,"ix":4},"w":{"a":0,"k":12,"ix":5},"lc":2,"lj":2,"bm":0,"nm":"Stroke 1","mn":"ADBE Vector Graphic - Stroke","hd":false},{"ty":"tr","p":{"a":0,"k":[0,0],"ix":2},"a":{"a":0,"k":[0,0],"ix":1},"s":{"a":0,"k":[100,100],"ix":3},"r":{"a":0,"k":0,"ix":6},"o":{"a":0,"k":100,"ix":7},"sk":{"a":0,"k":0,"ix":4},"sa":{"a":0,"k":0,"ix":5},"nm":"Transform"}],"nm":"Shape 1","np":2,"cix":2,"bm":0,"ix":1,"mn":"ADBE Vector Group","hd":false}],"ip":0,"op":150.000006109625,"st":0,"bm":0},{"ddd":0,"ind":3,"ty":4,"nm":"Shape Layer 18","sr":1,"ks":{"o":{"a":0,"k":100,"ix":11},"r":{"a":0,"k":0,"ix":10},"p":{"a":0,"k":[367.5,250,0],"ix":2,"l":2},"a":{"a":0,"k":[0,0,0],"ix":1,"l":2},"s":{"a":0,"k":[100,100,100],"ix":6,"l":2}},"ao":0,"shapes":[{"ty":"gr","it":[{"ty":"tm","s":{"a":0,"k":0,"ix":1},"e":{"a":0,"k":100,"ix":2},"o":{"a":0,"k":0,"ix":3},"m":1,"ix":1,"nm":"Trim Paths 1","mn":"ADBE Vector Filter - Trim","hd":false},{"ind":1,"ty":"sh","ix":2,"ks":{"a":1,"k":[{"i":{"x":0.833,"y":0.833},"o":{"x":0.167,"y":0},"t":13,"s":[{"i":[[0,0],[54.095,1.509],[0,0],[0,0],[-27.07,0.196],[0,0]],"o":[[0,0],[-32.782,-0.915],[0,0],[0,0],[40.587,-0.293],[0,0]],"v":[[94.5,-117.726],[-32.465,-138.585],[-84.5,-120.093],[-83.98,141.123],[-33.506,124.793],[94.5,140.263]],"c":true}]},{"i":{"x":0.833,"y":0.833},"o":{"x":0.167,"y":0.167},"t":14,"s":[{"i":[[0,0],[53.818,-20.704],[0,0],[0,0],[-22.464,10.226],[0,0]],"o":[[0,0],[-32.182,10.296],[0,0],[0,0],[27.536,-13.774],[0,0]],"v":[[67.1,-150.509],[-40.818,-150.296],[-84.504,-118.265],[-84.065,141.123],[-35.536,109.274],[67.1,107.48]],"c":true}]},{"i":{"x":0.833,"y":0.833},"o":{"x":0.167,"y":0.167},"t":16,"s":[{"i":[[0,0],[17.036,-26.06],[0,0],[0,0],[-9.862,11.538],[0,0]],"o":[[0,0],[-9.964,16.44],[0,0],[0,0],[12.638,-17.962],[0,0]],"v":[[-18.493,-199.09],[-68.036,-148.94],[-84.515,-112.592],[-84.33,141.123],[-67.638,104.462],[-18.493,58.899]],"c":true}]},{"i":{"x":0.833,"y":0.917},"o":{"x":0.167,"y":0.167},"t":17,"s":[{"i":[[0,0],[5.227,-13.604],[0,0],[0,0],[-4.147,3.036],[0,0]],"o":[[0,0],[-2.961,8.83],[0,0],[0,0],[3.769,-12.474],[0,0]],"v":[[-61.295,-184.381],[-81.645,-148.262],[-84.521,-109.755],[-84.463,141.123],[-83.689,102.056],[-61.295,73.608]],"c":true}]},{"i":{"x":0.833,"y":0.833},"o":{"x":0.167,"y":0.083},"t":18,"s":[{"i":[[0,0],[-6.049,-17.102],[0,0],[0,0],[1.142,3.693],[0,0]],"o":[[0,0],[3.921,11.085],[0,0],[0,0],[-4.728,-15.293],[0,0]],"v":[[-109.556,-188.726],[-93.921,-152.585],[-84.5,-120.093],[-84.574,141.123],[-95.272,96.793],[-109.556,69.263]],"c":true}]},{"i":{"x":0.667,"y":1},"o":{"x":0.167,"y":0.167},"t":20,"s":[{"i":[[0,0],[-34.048,-5.757],[0,0],[0,0],[16.302,1.561],[0,0]],"o":[[0,0],[20.733,3.77],[0,0],[0,0],[-25.619,-6.15],[0,0]],"v":[[-221.131,-157.445],[-118.657,-144.051],[-84.5,-120.093],[-84.834,141.123],[-118.575,113.862],[-221.131,100.543]],"c":true}]},{"t":22.0000008960784,"s":[{"i":[[0,0],[-51.98,1.509],[0,0],[0,0],[26.011,0.196],[0,0]],"o":[[0,0],[31.5,-0.915],[0,0],[0,0],[-39,-0.293],[0,0]],"v":[[-256.5,-117.726],[-134.5,-138.585],[-84.5,-120.093],[-85,141.123],[-133.5,124.793],[-256.5,140.263]],"c":true}]}],"ix":2},"nm":"Path 1","mn":"ADBE Vector Shape - Group","hd":false},{"ty":"st","c":{"a":0,"k":[0,0,0,1],"ix":3},"o":{"a":0,"k":100,"ix":4},"w":{"a":0,"k":12,"ix":5},"lc":2,"lj":2,"bm":0,"nm":"Stroke 1","mn":"ADBE Vector Graphic - Stroke","hd":false},{"ty":"tr","p":{"a":0,"k":[-32.5,-8],"ix":2},"a":{"a":0,"k":[0,0],"ix":1},"s":{"a":0,"k":[100,100],"ix":3},"r":{"a":0,"k":0,"ix":6},"o":{"a":0,"k":100,"ix":7},"sk":{"a":0,"k":0,"ix":4},"sa":{"a":0,"k":0,"ix":5},"nm":"Transform"}],"nm":"Rectangle 1","np":3,"cix":2,"bm":0,"ix":1,"mn":"ADBE Vector Group","hd":false}],"ip":13.0000005295009,"op":22.0000008960784,"st":8.00000032584668,"bm":0},{"ddd":0,"ind":4,"ty":4,"nm":"Shape Layer 17","td":1,"sr":1,"ks":{"o":{"a":0,"k":100,"ix":11},"r":{"a":0,"k":0,"ix":10},"p":{"a":0,"k":[367.5,250,0],"ix":2,"l":2},"a":{"a":0,"k":[0,0,0],"ix":1,"l":2},"s":{"a":0,"k":[100,100,100],"ix":6,"l":2}},"ao":0,"shapes":[{"ty":"gr","it":[{"ty":"tm","s":{"a":0,"k":0,"ix":1},"e":{"a":0,"k":100,"ix":2},"o":{"a":0,"k":0,"ix":3},"m":1,"ix":1,"nm":"Trim Paths 1","mn":"ADBE Vector Filter - Trim","hd":false},{"ind":1,"ty":"sh","ix":2,"ks":{"a":1,"k":[{"i":{"x":0.833,"y":0.833},"o":{"x":0.167,"y":0},"t":13,"s":[{"i":[[0,0],[54.095,1.509],[0,0],[0,0],[-27.07,0.196],[0,0]],"o":[[0,0],[-32.782,-0.915],[0,0],[0,0],[40.587,-0.293],[0,0]],"v":[[94.5,-117.726],[-32.465,-138.585],[-84.5,-120.093],[-83.98,141.123],[-33.506,124.793],[94.5,140.263]],"c":true}]},{"i":{"x":0.833,"y":0.833},"o":{"x":0.167,"y":0.167},"t":14,"s":[{"i":[[0,0],[53.818,-20.704],[0,0],[0,0],[-22.464,10.226],[0,0]],"o":[[0,0],[-32.182,10.296],[0,0],[0,0],[27.536,-13.774],[0,0]],"v":[[67.1,-150.509],[-40.818,-150.296],[-84.504,-118.265],[-84.065,141.123],[-35.536,109.274],[67.1,107.48]],"c":true}]},{"i":{"x":0.833,"y":0.833},"o":{"x":0.167,"y":0.167},"t":16,"s":[{"i":[[0,0],[17.036,-26.06],[0,0],[0,0],[-9.862,11.538],[0,0]],"o":[[0,0],[-9.964,16.44],[0,0],[0,0],[12.638,-17.962],[0,0]],"v":[[-18.493,-199.09],[-68.036,-148.94],[-84.515,-112.592],[-84.33,141.123],[-67.638,104.462],[-18.493,58.899]],"c":true}]},{"i":{"x":0.833,"y":0.917},"o":{"x":0.167,"y":0.167},"t":17,"s":[{"i":[[0,0],[5.227,-13.604],[0,0],[0,0],[-4.147,3.036],[0,0]],"o":[[0,0],[-2.961,8.83],[0,0],[0,0],[3.769,-12.474],[0,0]],"v":[[-61.295,-184.381],[-81.645,-148.262],[-84.521,-109.755],[-84.463,141.123],[-83.689,102.056],[-61.295,73.608]],"c":true}]},{"i":{"x":0.833,"y":0.833},"o":{"x":0.167,"y":0.083},"t":18,"s":[{"i":[[0,0],[-6.049,-17.102],[0,0],[0,0],[1.142,3.693],[0,0]],"o":[[0,0],[3.921,11.085],[0,0],[0,0],[-4.728,-15.293],[0,0]],"v":[[-109.556,-188.726],[-93.921,-152.585],[-84.5,-120.093],[-84.574,141.123],[-95.272,96.793],[-109.556,69.263]],"c":true}]},{"i":{"x":0.667,"y":1},"o":{"x":0.167,"y":0.167},"t":20,"s":[{"i":[[0,0],[-34.048,-5.757],[0,0],[0,0],[16.302,1.561],[0,0]],"o":[[0,0],[20.733,3.77],[0,0],[0,0],[-25.619,-6.15],[0,0]],"v":[[-221.131,-157.445],[-118.657,-144.051],[-84.5,-120.093],[-84.834,141.123],[-118.575,113.862],[-221.131,100.543]],"c":true}]},{"t":22.0000008960784,"s":[{"i":[[0,0],[-51.98,1.509],[0,0],[0,0],[26.011,0.196],[0,0]],"o":[[0,0],[31.5,-0.915],[0,0],[0,0],[-39,-0.293],[0,0]],"v":[[-256.5,-117.726],[-134.5,-138.585],[-84.5,-120.093],[-85,141.123],[-133.5,124.793],[-256.5,140.263]],"c":true}]}],"ix":2},"nm":"Path 1","mn":"ADBE Vector Shape - Group","hd":false},{"ty":"st","c":{"a":0,"k":[0.03137254902,0.658823529412,0.541176470588,1],"ix":3},"o":{"a":0,"k":100,"ix":4},"w":{"a":0,"k":0,"ix":5},"lc":2,"lj":2,"bm":0,"nm":"Stroke 1","mn":"ADBE Vector Graphic - Stroke","hd":false},{"ty":"tr","p":{"a":0,"k":[-32.5,-8],"ix":2},"a":{"a":0,"k":[0,0],"ix":1},"s":{"a":0,"k":[100,100],"ix":3},"r":{"a":0,"k":0,"ix":6},"o":{"a":0,"k":100,"ix":7},"sk":{"a":0,"k":0,"ix":4},"sa":{"a":0,"k":0,"ix":5},"nm":"Transform"}],"nm":"Rectangle 1","np":3,"cix":2,"bm":0,"ix":1,"mn":"ADBE Vector Group","hd":false},{"ty":"fl","c":{"a":0,"k":[1,0,0,1],"ix":4},"o":{"a":0,"k":100,"ix":5},"r":1,"bm":0,"nm":"Fill 1","mn":"ADBE Vector Graphic - Fill","hd":false}],"ip":13.0000005295009,"op":22.0000008960784,"st":8.00000032584668,"bm":0},{"ddd":0,"ind":5,"ty":0,"nm":"Book_3","tt":2,"refId":"comp_0","sr":1,"ks":{"o":{"a":0,"k":100,"ix":11},"r":{"a":0,"k":0,"ix":10},"p":{"a":0,"k":[250,250,0],"ix":2,"l":2},"a":{"a":0,"k":[250,250,0],"ix":1,"l":2},"s":{"a":0,"k":[100,100,100],"ix":6,"l":2}},"ao":0,"w":500,"h":500,"ip":0,"op":80.0000032584668,"st":0,"bm":0}],"markers":[]}