{"v":"5.7.6","fr":60,"ip":0,"op":80,"w":500,"h":500,"nm":"1122-thumb-down-outline","ddd":0,"assets":[],"layers":[{"ddd":0,"ind":1,"ty":3,"nm":"02092020","sr":1,"ks":{"o":{"a":0,"k":0,"ix":11},"r":{"a":0,"k":0,"ix":10},"p":{"a":0,"k":[-105,15,0],"ix":2,"l":2},"a":{"a":0,"k":[60,60,0],"ix":1,"l":2},"s":{"a":0,"k":[100,100,100],"ix":6,"l":2}},"ao":0,"ef":[{"ty":5,"nm":"02092020002","np":3,"mn":"ADBE Checkbox Control","ix":1,"en":1,"ef":[{"ty":7,"nm":"Checkbox","mn":"ADBE Checkbox Control-0001","ix":1,"v":{"a":0,"k":0,"ix":1}}]}],"ip":0,"op":300,"st":0,"bm":0},{"ddd":0,"ind":2,"ty":4,"nm":"lordicon.com Outlines","cl":"com","sr":1,"ks":{"o":{"a":0,"k":20,"ix":11,"x":"var $bm_rt;\nvar checkbox = thisComp.layer('02092020').effect('02092020002')('Checkbox');\nif (checkbox == 1) {\n    $bm_rt = 20;\n} else {\n    $bm_rt = 0;\n}\n;"},"r":{"a":0,"k":0,"ix":10},"p":{"a":0,"k":[249.934,481.369,0],"ix":2,"l":2},"a":{"a":0,"k":[79.934,0.369,0],"ix":1,"l":2},"s":{"a":0,"k":[265.159,265.159,100],"ix":6,"l":2}},"ao":0,"shapes":[{"ty":"gr","it":[{"ind":0,"ty":"sh","ix":1,"ks":{"a":0,"k":{"i":[[0,0],[0,0],[0,0],[0,0],[0,0],[0,0]],"o":[[0,0],[0,0],[0,0],[0,0],[0,0],[0,0]],"v":[[1.415,0],[11.014,0],[11.014,-2.523],[4.656,-2.523],[4.656,-14.809],[1.415,-14.809]],"c":true},"ix":2},"nm":"l","mn":"ADBE Vector Shape - Group","hd":false},{"ty":"fl","c":{"a":0,"k":[0,0,0,1],"ix":4},"o":{"a":0,"k":100,"ix":5},"r":1,"bm":0,"nm":"Fill 1","mn":"ADBE Vector Graphic - Fill","hd":false},{"ty":"tr","p":{"a":0,"k":[0,0],"ix":2},"a":{"a":0,"k":[0,0],"ix":1},"s":{"a":0,"k":[100,100],"ix":3},"r":{"a":0,"k":0,"ix":6},"o":{"a":0,"k":100,"ix":7},"sk":{"a":0,"k":0,"ix":4},"sa":{"a":0,"k":0,"ix":5},"nm":"Transform"}],"nm":"l","np":3,"cix":2,"bm":0,"ix":1,"mn":"ADBE Vector Group","hd":false},{"ty":"gr","it":[{"ind":0,"ty":"sh","ix":1,"ks":{"a":0,"k":{"i":[[0,-3.938],[-1.62,-1.723],[-1.949,0],[-1.641,1.846],[0,2.154],[1.579,1.805],[1.579,0]],"o":[[0,1.354],[1.354,1.415],[1.231,0],[1.21,-1.354],[0,-1.456],[-1.456,-1.641],[-5.333,0]],"v":[[11.167,-7.199],[12.992,-1.661],[18.243,0.369],[23.514,-1.743],[25.381,-7.548],[23.494,-13.127],[18.284,-15.137]],"c":true},"ix":2},"nm":"o","mn":"ADBE Vector Shape - Group","hd":false},{"ind":1,"ty":"sh","ix":2,"ks":{"a":0,"k":{"i":[[0,1.415],[-0.841,1.026],[-1.19,0],[-0.615,-1.825],[0,-0.718],[0.492,-0.738],[1.292,0],[0.451,0.615]],"o":[[0,-1.682],[0.595,-0.759],[1.518,0],[0.308,0.902],[0,2.359],[-0.595,0.923],[-1.477,0],[-0.882,-1.149]],"v":[[14.49,-7.302],[15.577,-11.609],[18.305,-12.86],[21.689,-10.235],[22.058,-7.589],[21.053,-3.343],[18.284,-1.969],[15.597,-3.159]],"c":true},"ix":2},"nm":"o","mn":"ADBE Vector Shape - Group","hd":false},{"ty":"mm","mm":1,"nm":"Merge Paths 1","mn":"ADBE Vector Filter - Merge","hd":false},{"ty":"fl","c":{"a":0,"k":[0,0,0,1],"ix":4},"o":{"a":0,"k":100,"ix":5},"r":1,"bm":0,"nm":"Fill 1","mn":"ADBE Vector Graphic - Fill","hd":false},{"ty":"tr","p":{"a":0,"k":[0,0],"ix":2},"a":{"a":0,"k":[0,0],"ix":1},"s":{"a":0,"k":[100,100],"ix":3},"r":{"a":0,"k":0,"ix":6},"o":{"a":0,"k":100,"ix":7},"sk":{"a":0,"k":0,"ix":4},"sa":{"a":0,"k":0,"ix":5},"nm":"Transform"}],"nm":"o","np":5,"cix":2,"bm":0,"ix":2,"mn":"ADBE Vector Group","hd":false},{"ty":"gr","it":[{"ind":0,"ty":"sh","ix":1,"ks":{"a":0,"k":{"i":[[0,0],[0,0],[0,0],[0,0],[-0.287,-0.841],[-0.144,-0.82],[0,0],[0.164,0.656],[0.226,1.743],[2.236,0.205],[0,2.769],[0.923,0.8],[1.641,-0.021],[0,0]],"o":[[0,0],[0,0],[0,0],[0.533,0],[0.205,0.574],[0,0],[-0.164,-0.246],[-0.103,-0.41],[-0.267,-1.928],[0.718,-0.205],[0,-0.964],[-1.19,-1.026],[0,0],[0,0]],"v":[[27.381,0],[30.622,0],[30.622,-5.989],[33.411,-5.989],[35.011,-5.148],[35.811,0],[39.318,0],[38.867,-1.067],[38.416,-3.938],[35.749,-7.343],[38.847,-10.973],[37.554,-13.824],[33.063,-14.829],[27.381,-14.829]],"c":true},"ix":2},"nm":"r","mn":"ADBE Vector Shape - Group","hd":false},{"ind":1,"ty":"sh","ix":2,"ks":{"a":0,"k":{"i":[[0,0],[0,0],[-0.492,-0.349],[0,-1.005],[0.226,-0.164],[0.369,0],[0,0]],"o":[[0,0],[1.005,0],[0.287,0.185],[0,1.046],[-0.513,0.41],[0,0],[0,0]],"v":[[30.519,-12.491],[32.652,-12.491],[34.744,-12.142],[35.524,-10.481],[34.703,-8.758],[33.083,-8.348],[30.519,-8.348]],"c":true},"ix":2},"nm":"r","mn":"ADBE Vector Shape - Group","hd":false},{"ty":"mm","mm":1,"nm":"Merge Paths 1","mn":"ADBE Vector Filter - Merge","hd":false},{"ty":"fl","c":{"a":0,"k":[0,0,0,1],"ix":4},"o":{"a":0,"k":100,"ix":5},"r":1,"bm":0,"nm":"Fill 1","mn":"ADBE Vector Graphic - Fill","hd":false},{"ty":"tr","p":{"a":0,"k":[0,0],"ix":2},"a":{"a":0,"k":[0,0],"ix":1},"s":{"a":0,"k":[100,100],"ix":3},"r":{"a":0,"k":0,"ix":6},"o":{"a":0,"k":100,"ix":7},"sk":{"a":0,"k":0,"ix":4},"sa":{"a":0,"k":0,"ix":5},"nm":"Transform"}],"nm":"r","np":5,"cix":2,"bm":0,"ix":3,"mn":"ADBE Vector Group","hd":false},{"ty":"gr","it":[{"ind":0,"ty":"sh","ix":1,"ks":{"a":0,"k":{"i":[[0,0],[0,0],[-0.554,0.103],[0,4.553],[1.866,1.374],[0.82,0],[0,0]],"o":[[0,0],[1.497,0],[2.81,-0.513],[0,-2.113],[-1.784,-1.313],[0,0],[0,0]],"v":[[41.068,0],[45.683,0],[48.349,-0.164],[53.6,-7.609],[51.077,-13.434],[45.97,-14.768],[41.068,-14.788]],"c":true},"ix":2},"nm":"d","mn":"ADBE Vector Shape - Group","hd":false},{"ind":1,"ty":"sh","ix":2,"ks":{"a":0,"k":{"i":[[0,0],[-0.656,-0.185],[0,-2.092],[1.251,-1.251],[1.354,0],[0.349,0.021]],"o":[[1.825,-0.082],[1.99,0.554],[0,0.718],[-0.923,0.923],[-0.369,0],[0,0]],"v":[[44.288,-12.388],[47.611,-12.183],[50.318,-7.609],[48.985,-3.425],[45.539,-2.4],[44.288,-2.441]],"c":true},"ix":2},"nm":"d","mn":"ADBE Vector Shape - Group","hd":false},{"ty":"mm","mm":1,"nm":"Merge Paths 1","mn":"ADBE Vector Filter - Merge","hd":false},{"ty":"fl","c":{"a":0,"k":[0,0,0,1],"ix":4},"o":{"a":0,"k":100,"ix":5},"r":1,"bm":0,"nm":"Fill 1","mn":"ADBE Vector Graphic - Fill","hd":false},{"ty":"tr","p":{"a":0,"k":[0,0],"ix":2},"a":{"a":0,"k":[0,0],"ix":1},"s":{"a":0,"k":[100,100],"ix":3},"r":{"a":0,"k":0,"ix":6},"o":{"a":0,"k":100,"ix":7},"sk":{"a":0,"k":0,"ix":4},"sa":{"a":0,"k":0,"ix":5},"nm":"Transform"}],"nm":"d","np":5,"cix":2,"bm":0,"ix":4,"mn":"ADBE Vector Group","hd":false},{"ty":"gr","it":[{"ind":0,"ty":"sh","ix":1,"ks":{"a":0,"k":{"i":[[0,0],[0,0],[0,0],[0,0]],"o":[[0,0],[0,0],[0,0],[0,0]],"v":[[55.669,0],[58.849,0],[58.849,-14.87],[55.669,-14.87]],"c":true},"ix":2},"nm":"i","mn":"ADBE Vector Shape - Group","hd":false},{"ty":"fl","c":{"a":0,"k":[0,0,0,1],"ix":4},"o":{"a":0,"k":100,"ix":5},"r":1,"bm":0,"nm":"Fill 1","mn":"ADBE Vector Graphic - Fill","hd":false},{"ty":"tr","p":{"a":0,"k":[0,0],"ix":2},"a":{"a":0,"k":[0,0],"ix":1},"s":{"a":0,"k":[100,100],"ix":3},"r":{"a":0,"k":0,"ix":6},"o":{"a":0,"k":100,"ix":7},"sk":{"a":0,"k":0,"ix":4},"sa":{"a":0,"k":0,"ix":5},"nm":"Transform"}],"nm":"i","np":3,"cix":2,"bm":0,"ix":5,"mn":"ADBE Vector Group","hd":false},{"ty":"gr","it":[{"ind":0,"ty":"sh","ix":1,"ks":{"a":0,"k":{"i":[[0,0],[3.241,0],[0,-4.697],[-5.107,0],[-1.313,1.354],[-0.062,0.882],[0,0],[1.333,0],[0,0.882],[-2.359,0],[-0.062,-0.513]],"o":[[0,-2.954],[-4.164,0],[0,3.671],[1.354,0],[1.19,-1.231],[0,0],[-0.062,1.969],[-3.097,0],[0,-3.056],[2.154,0],[0,0]],"v":[[73.104,-9.989],[67.587,-14.911],[60.798,-7.097],[67.566,0.349],[71.894,-1.313],[73.227,-4.799],[69.884,-4.799],[67.218,-1.99],[64.121,-7.076],[67.464,-12.593],[69.864,-9.989]],"c":true},"ix":2},"nm":"c","mn":"ADBE Vector Shape - Group","hd":false},{"ty":"fl","c":{"a":0,"k":[0,0,0,1],"ix":4},"o":{"a":0,"k":100,"ix":5},"r":1,"bm":0,"nm":"Fill 1","mn":"ADBE Vector Graphic - Fill","hd":false},{"ty":"tr","p":{"a":0,"k":[0,0],"ix":2},"a":{"a":0,"k":[0,0],"ix":1},"s":{"a":0,"k":[100,100],"ix":3},"r":{"a":0,"k":0,"ix":6},"o":{"a":0,"k":100,"ix":7},"sk":{"a":0,"k":0,"ix":4},"sa":{"a":0,"k":0,"ix":5},"nm":"Transform"}],"nm":"c","np":3,"cix":2,"bm":0,"ix":6,"mn":"ADBE Vector Group","hd":false},{"ty":"gr","it":[{"ind":0,"ty":"sh","ix":1,"ks":{"a":0,"k":{"i":[[0,-3.938],[-1.62,-1.723],[-1.949,0],[-1.641,1.846],[0,2.154],[1.579,1.805],[1.579,0]],"o":[[0,1.354],[1.354,1.415],[1.231,0],[1.21,-1.354],[0,-1.456],[-1.456,-1.641],[-5.333,0]],"v":[[74.546,-7.199],[76.372,-1.661],[81.622,0.369],[86.894,-1.743],[88.76,-7.548],[86.873,-13.127],[81.663,-15.137]],"c":true},"ix":2},"nm":"o","mn":"ADBE Vector Shape - Group","hd":false},{"ind":1,"ty":"sh","ix":2,"ks":{"a":0,"k":{"i":[[0,1.415],[-0.841,1.026],[-1.19,0],[-0.615,-1.825],[0,-0.718],[0.492,-0.738],[1.292,0],[0.451,0.615]],"o":[[0,-1.682],[0.595,-0.759],[1.518,0],[0.308,0.902],[0,2.359],[-0.595,0.923],[-1.477,0],[-0.882,-1.149]],"v":[[77.869,-7.302],[78.956,-11.609],[81.684,-12.86],[85.068,-10.235],[85.437,-7.589],[84.432,-3.343],[81.663,-1.969],[78.977,-3.159]],"c":true},"ix":2},"nm":"o","mn":"ADBE Vector Shape - Group","hd":false},{"ty":"mm","mm":1,"nm":"Merge Paths 1","mn":"ADBE Vector Filter - Merge","hd":false},{"ty":"fl","c":{"a":0,"k":[0,0,0,1],"ix":4},"o":{"a":0,"k":100,"ix":5},"r":1,"bm":0,"nm":"Fill 1","mn":"ADBE Vector Graphic - Fill","hd":false},{"ty":"tr","p":{"a":0,"k":[0,0],"ix":2},"a":{"a":0,"k":[0,0],"ix":1},"s":{"a":0,"k":[100,100],"ix":3},"r":{"a":0,"k":0,"ix":6},"o":{"a":0,"k":100,"ix":7},"sk":{"a":0,"k":0,"ix":4},"sa":{"a":0,"k":0,"ix":5},"nm":"Transform"}],"nm":"o","np":5,"cix":2,"bm":0,"ix":7,"mn":"ADBE Vector Group","hd":false},{"ty":"gr","it":[{"ind":0,"ty":"sh","ix":1,"ks":{"a":0,"k":{"i":[[0,0],[0,0],[0,0],[0,0],[0,0],[0,0],[0,0],[0,0],[0,0],[0,0]],"o":[[0,0],[0,0],[0,0],[0,0],[0,0],[0,0],[0,0],[0,0],[0,0],[0,0]],"v":[[91.007,0],[94.001,0],[94.001,-12.306],[99.744,0],[104.113,0],[104.113,-14.829],[101.159,-14.829],[101.159,-3.159],[95.601,-14.829],[91.007,-14.829]],"c":true},"ix":2},"nm":"n","mn":"ADBE Vector Shape - Group","hd":false},{"ty":"fl","c":{"a":0,"k":[0,0,0,1],"ix":4},"o":{"a":0,"k":100,"ix":5},"r":1,"bm":0,"nm":"Fill 1","mn":"ADBE Vector Graphic - Fill","hd":false},{"ty":"tr","p":{"a":0,"k":[0,0],"ix":2},"a":{"a":0,"k":[0,0],"ix":1},"s":{"a":0,"k":[100,100],"ix":3},"r":{"a":0,"k":0,"ix":6},"o":{"a":0,"k":100,"ix":7},"sk":{"a":0,"k":0,"ix":4},"sa":{"a":0,"k":0,"ix":5},"nm":"Transform"}],"nm":"n","np":3,"cix":2,"bm":0,"ix":8,"mn":"ADBE Vector Group","hd":false},{"ty":"gr","it":[{"ind":0,"ty":"sh","ix":1,"ks":{"a":0,"k":{"i":[[0,0],[0,0],[0,0],[0,0]],"o":[[0,0],[0,0],[0,0],[0,0]],"v":[[106.893,0],[109.497,0],[109.497,-2.728],[106.893,-2.728]],"c":true},"ix":2},"nm":".","mn":"ADBE Vector Shape - Group","hd":false},{"ty":"fl","c":{"a":0,"k":[0,0,0,1],"ix":4},"o":{"a":0,"k":100,"ix":5},"r":1,"bm":0,"nm":"Fill 1","mn":"ADBE Vector Graphic - Fill","hd":false},{"ty":"tr","p":{"a":0,"k":[0,0],"ix":2},"a":{"a":0,"k":[0,0],"ix":1},"s":{"a":0,"k":[100,100],"ix":3},"r":{"a":0,"k":0,"ix":6},"o":{"a":0,"k":100,"ix":7},"sk":{"a":0,"k":0,"ix":4},"sa":{"a":0,"k":0,"ix":5},"nm":"Transform"}],"nm":".","np":3,"cix":2,"bm":0,"ix":9,"mn":"ADBE Vector Group","hd":false},{"ty":"gr","it":[{"ind":0,"ty":"sh","ix":1,"ks":{"a":0,"k":{"i":[[0,0],[3.241,0],[0,-4.697],[-5.107,0],[-1.313,1.354],[-0.062,0.882],[0,0],[1.333,0],[0,0.882],[-2.359,0],[-0.062,-0.513]],"o":[[0,-2.954],[-4.164,0],[0,3.671],[1.354,0],[1.19,-1.231],[0,0],[-0.062,1.969],[-3.097,0],[0,-3.056],[2.154,0],[0,0]],"v":[[124.04,-9.989],[118.523,-14.911],[111.734,-7.097],[118.502,0.349],[122.83,-1.313],[124.163,-4.799],[120.82,-4.799],[118.154,-1.99],[115.057,-7.076],[118.4,-12.593],[120.8,-9.989]],"c":true},"ix":2},"nm":"c","mn":"ADBE Vector Shape - Group","hd":false},{"ty":"fl","c":{"a":0,"k":[0,0,0,1],"ix":4},"o":{"a":0,"k":100,"ix":5},"r":1,"bm":0,"nm":"Fill 1","mn":"ADBE Vector Graphic - Fill","hd":false},{"ty":"tr","p":{"a":0,"k":[0,0],"ix":2},"a":{"a":0,"k":[0,0],"ix":1},"s":{"a":0,"k":[100,100],"ix":3},"r":{"a":0,"k":0,"ix":6},"o":{"a":0,"k":100,"ix":7},"sk":{"a":0,"k":0,"ix":4},"sa":{"a":0,"k":0,"ix":5},"nm":"Transform"}],"nm":"c","np":3,"cix":2,"bm":0,"ix":10,"mn":"ADBE Vector Group","hd":false},{"ty":"gr","it":[{"ind":0,"ty":"sh","ix":1,"ks":{"a":0,"k":{"i":[[0,-3.938],[-1.62,-1.723],[-1.949,0],[-1.641,1.846],[0,2.154],[1.579,1.805],[1.579,0]],"o":[[0,1.354],[1.354,1.415],[1.231,0],[1.21,-1.354],[0,-1.456],[-1.456,-1.641],[-5.333,0]],"v":[[125.482,-7.199],[127.308,-1.661],[132.558,0.369],[137.829,-1.743],[139.696,-7.548],[137.809,-13.127],[132.599,-15.137]],"c":true},"ix":2},"nm":"o","mn":"ADBE Vector Shape - Group","hd":false},{"ind":1,"ty":"sh","ix":2,"ks":{"a":0,"k":{"i":[[0,1.415],[-0.841,1.026],[-1.19,0],[-0.615,-1.825],[0,-0.718],[0.492,-0.738],[1.292,0],[0.451,0.615]],"o":[[0,-1.682],[0.595,-0.759],[1.518,0],[0.308,0.902],[0,2.359],[-0.595,0.923],[-1.477,0],[-0.882,-1.149]],"v":[[128.805,-7.302],[129.892,-11.609],[132.62,-12.86],[136.004,-10.235],[136.373,-7.589],[135.368,-3.343],[132.599,-1.969],[129.912,-3.159]],"c":true},"ix":2},"nm":"o","mn":"ADBE Vector Shape - Group","hd":false},{"ty":"mm","mm":1,"nm":"Merge Paths 1","mn":"ADBE Vector Filter - Merge","hd":false},{"ty":"fl","c":{"a":0,"k":[0,0,0,1],"ix":4},"o":{"a":0,"k":100,"ix":5},"r":1,"bm":0,"nm":"Fill 1","mn":"ADBE Vector Graphic - Fill","hd":false},{"ty":"tr","p":{"a":0,"k":[0,0],"ix":2},"a":{"a":0,"k":[0,0],"ix":1},"s":{"a":0,"k":[100,100],"ix":3},"r":{"a":0,"k":0,"ix":6},"o":{"a":0,"k":100,"ix":7},"sk":{"a":0,"k":0,"ix":4},"sa":{"a":0,"k":0,"ix":5},"nm":"Transform"}],"nm":"o","np":5,"cix":2,"bm":0,"ix":11,"mn":"ADBE Vector Group","hd":false},{"ty":"gr","it":[{"ind":0,"ty":"sh","ix":1,"ks":{"a":0,"k":{"i":[[0,0],[0,0],[0,0],[0,0],[0,0],[0,0],[0,0],[0,0],[0,0],[0,0],[0,0],[0,0],[0,0]],"o":[[0,0],[0,0],[0,0],[0,0],[0,0],[0,0],[0,0],[0,0],[0,0],[0,0],[0,0],[0,0],[0,0]],"v":[[141.696,0],[144.67,0],[144.67,-12.716],[148.629,0],[151.254,0],[155.295,-12.716],[155.295,0],[158.453,0],[158.453,-14.829],[153.408,-14.829],[150.024,-4.041],[146.885,-14.829],[141.696,-14.829]],"c":true},"ix":2},"nm":"m","mn":"ADBE Vector Shape - Group","hd":false},{"ty":"fl","c":{"a":0,"k":[0,0,0,1],"ix":4},"o":{"a":0,"k":100,"ix":5},"r":1,"bm":0,"nm":"Fill 1","mn":"ADBE Vector Graphic - Fill","hd":false},{"ty":"tr","p":{"a":0,"k":[0,0],"ix":2},"a":{"a":0,"k":[0,0],"ix":1},"s":{"a":0,"k":[100,100],"ix":3},"r":{"a":0,"k":0,"ix":6},"o":{"a":0,"k":100,"ix":7},"sk":{"a":0,"k":0,"ix":4},"sa":{"a":0,"k":0,"ix":5},"nm":"Transform"}],"nm":"m","np":3,"cix":2,"bm":0,"ix":12,"mn":"ADBE Vector Group","hd":false}],"ip":2.5,"op":25,"st":0,"bm":0},{"ddd":0,"ind":3,"ty":3,"nm":"Color  & Stroke Change","sr":1,"ks":{"o":{"a":0,"k":0,"ix":11},"r":{"a":0,"k":0,"ix":10},"p":{"a":0,"k":[0,0],"ix":2,"l":2},"a":{"a":0,"k":[0,0,0],"ix":1,"l":2},"s":{"a":0,"k":[100,100,100],"ix":6,"l":2}},"ao":0,"ef":[{"ty":5,"nm":"Primary","np":3,"mn":"ADBE Color Control","ix":1,"en":1,"ef":[{"ty":2,"nm":"Color","mn":"ADBE Color Control-0001","ix":1,"v":{"a":0,"k":[0.070588238537,0.074509806931,0.192156866193,1],"ix":1}}]},{"ty":5,"nm":"Secondary","np":3,"mn":"ADBE Color Control","ix":2,"en":1,"ef":[{"ty":2,"nm":"Color","mn":"ADBE Color Control-0001","ix":1,"v":{"a":0,"k":[0.031372550875,0.658823549747,0.541176497936,1],"ix":1}}]},{"ty":5,"nm":"Stroke","np":3,"mn":"ADBE Slider Control","ix":3,"en":1,"ef":[{"ty":0,"nm":"Slider","mn":"ADBE Slider Control-0001","ix":1,"v":{"a":0,"k":70,"ix":1}}]},{"ty":5,"nm":"Axis","np":3,"mn":"ADBE Point Control","ix":4,"en":1,"ef":[{"ty":3,"nm":"Point","mn":"ADBE Point Control-0001","ix":1,"v":{"a":0,"k":[250,250],"ix":1}}]},{"ty":5,"nm":"Scale","np":3,"mn":"ADBE Slider Control","ix":5,"en":1,"ef":[{"ty":0,"nm":"Slider","mn":"ADBE Slider Control-0001","ix":1,"v":{"a":0,"k":100,"ix":1}}]}],"ip":0,"op":300,"st":0,"bm":0},{"ddd":0,"ind":4,"ty":3,"nm":"NULL","sr":1,"ks":{"o":{"a":0,"k":0,"ix":11},"r":{"a":0,"k":0,"ix":10},"p":{"a":0,"k":[250,250,0],"ix":2,"l":2,"x":"var $bm_rt;\n$bm_rt = thisComp.layer('Color  & Stroke Change').effect('Axis')('Point');"},"a":{"a":0,"k":[60,60,0],"ix":1,"l":2},"s":{"a":0,"k":[100,100,100],"ix":6,"l":2,"x":"var $bm_rt;\nvar temp;\ntemp = thisComp.layer('Color  & Stroke Change').effect('Scale')('Slider');\n$bm_rt = [\n    temp,\n    temp\n];"}},"ao":0,"ip":0,"op":300,"st":0,"bm":0},{"ddd":0,"ind":5,"ty":4,"nm":"Shape Layer 2","parent":4,"sr":1,"ks":{"o":{"a":0,"k":100,"ix":11},"r":{"a":1,"k":[{"i":{"x":[0.667],"y":[1]},"o":{"x":[0.167],"y":[0.167]},"t":0,"s":[-180]},{"i":{"x":[0.15],"y":[1]},"o":{"x":[0.333],"y":[0]},"t":7.199,"s":[-190]},{"i":{"x":[0.667],"y":[1]},"o":{"x":[0.85],"y":[0]},"t":31.199,"s":[-174]},{"i":{"x":[0.667],"y":[1]},"o":{"x":[0.333],"y":[0]},"t":55.199,"s":[-185]},{"i":{"x":[0.667],"y":[1]},"o":{"x":[0.333],"y":[0]},"t":69.6,"s":[-178]},{"t":79.19921875,"s":[-180]}],"ix":10},"p":{"a":1,"k":[{"i":{"x":0.667,"y":1},"o":{"x":0.167,"y":0.167},"t":0,"s":[-71.35,24.85,0],"to":[0,-4.625,0],"ti":[0,-3.083,0]},{"i":{"x":0.15,"y":1},"o":{"x":0.333,"y":0},"t":7.199,"s":[-71.35,-2.9,0],"to":[0,3.083,0],"ti":[0,-3.083,0]},{"i":{"x":0.667,"y":1},"o":{"x":0.85,"y":0},"t":31.199,"s":[-71.35,43.35,0],"to":[0,3.083,0],"ti":[0,2.158,0]},{"i":{"x":0.667,"y":1},"o":{"x":0.333,"y":0},"t":55.199,"s":[-71.35,15.6,0],"to":[0,-2.158,0],"ti":[0,-1.542,0]},{"i":{"x":0.667,"y":1},"o":{"x":0.333,"y":0},"t":69.6,"s":[-71.35,30.4,0],"to":[0,1.542,0],"ti":[0,0.925,0]},{"t":79.19921875,"s":[-71.35,24.85,0]}],"ix":2,"l":2},"a":{"a":0,"k":[-35.5,9.5,0],"ix":1,"l":2},"s":{"a":0,"k":[-370,370,100],"ix":6,"l":2}},"ao":0,"shapes":[{"ty":"gr","it":[{"ty":"rd","nm":"Round Corners 1","r":{"a":0,"k":4,"ix":1},"ix":1,"mn":"ADBE Vector Filter - RC","hd":false},{"ind":1,"ty":"sh","ix":2,"ks":{"a":1,"k":[{"i":{"x":0.15,"y":1},"o":{"x":0.333,"y":0},"t":7.199,"s":[{"i":[[0,0],[0,0],[0,0],[0,0]],"o":[[0,0],[0,0],[0,0],[0,0]],"v":[[-16.402,-16.281],[-41.553,-16.287],[-41.559,27.976],[-16.361,27.976]],"c":true}]},{"i":{"x":0.667,"y":1},"o":{"x":0.85,"y":0},"t":31.199,"s":[{"i":[[0,0],[0,0],[0,0],[0,0]],"o":[[0,0],[0,0],[0,0],[0,0]],"v":[[-13.484,-12.957],[-38.634,-12.964],[-38.641,31.299],[-13.443,31.299]],"c":true}]},{"t":55.19921875,"s":[{"i":[[0,0],[0,0],[0,0],[0,0]],"o":[[0,0],[0,0],[0,0],[0,0]],"v":[[-16.402,-16.281],[-41.553,-16.287],[-41.559,27.976],[-16.361,27.976]],"c":true}]}],"ix":2},"nm":"Path 1","mn":"ADBE Vector Shape - Group","hd":false},{"ty":"st","c":{"a":0,"k":[0.03137254902,0.658823529412,0.541176470588,1],"ix":3,"x":"var $bm_rt;\n$bm_rt = thisComp.layer('Color  & Stroke Change').effect('Secondary')('Color');"},"o":{"a":0,"k":100,"ix":4},"w":{"a":0,"k":5,"ix":5,"x":"var $bm_rt;\n$bm_rt = $bm_mul(5 / 100, thisComp.layer('Color  & Stroke Change').effect('Stroke')('Slider'));"},"lc":2,"lj":2,"bm":0,"nm":"Stroke 1","mn":"ADBE Vector Graphic - Stroke","hd":false},{"ty":"tr","p":{"a":0,"k":[0,0],"ix":2},"a":{"a":0,"k":[0,0],"ix":1},"s":{"a":0,"k":[100,100],"ix":3},"r":{"a":0,"k":0,"ix":6},"o":{"a":0,"k":100,"ix":7},"sk":{"a":0,"k":0,"ix":4},"sa":{"a":0,"k":0,"ix":5},"nm":"Transform"}],"nm":"Shape 1","np":3,"cix":2,"bm":0,"ix":1,"mn":"ADBE Vector Group","hd":false}],"ip":0,"op":300,"st":0,"bm":0},{"ddd":0,"ind":6,"ty":4,"nm":"Shape Layer 3","parent":4,"td":1,"sr":1,"ks":{"o":{"a":0,"k":100,"ix":11},"r":{"a":1,"k":[{"i":{"x":[0.667],"y":[1]},"o":{"x":[0.167],"y":[0.167]},"t":0,"s":[-180]},{"i":{"x":[0.15],"y":[1]},"o":{"x":[0.333],"y":[0]},"t":7.199,"s":[-190]},{"i":{"x":[0.667],"y":[1]},"o":{"x":[0.85],"y":[0]},"t":31.199,"s":[-174]},{"i":{"x":[0.667],"y":[1]},"o":{"x":[0.333],"y":[0]},"t":55.199,"s":[-185]},{"i":{"x":[0.667],"y":[1]},"o":{"x":[0.333],"y":[0]},"t":69.6,"s":[-178]},{"t":79.19921875,"s":[-180]}],"ix":10},"p":{"a":1,"k":[{"i":{"x":0.667,"y":1},"o":{"x":0.167,"y":0.167},"t":0,"s":[-71.35,24.85,0],"to":[0,-4.625,0],"ti":[0,-3.083,0]},{"i":{"x":0.15,"y":1},"o":{"x":0.333,"y":0},"t":7.199,"s":[-71.35,-2.9,0],"to":[0,3.083,0],"ti":[0,-3.083,0]},{"i":{"x":0.667,"y":1},"o":{"x":0.85,"y":0},"t":31.199,"s":[-71.35,43.35,0],"to":[0,3.083,0],"ti":[0,2.158,0]},{"i":{"x":0.667,"y":1},"o":{"x":0.333,"y":0},"t":55.199,"s":[-71.35,15.6,0],"to":[0,-2.158,0],"ti":[0,-1.542,0]},{"i":{"x":0.667,"y":1},"o":{"x":0.333,"y":0},"t":69.6,"s":[-71.35,30.4,0],"to":[0,1.542,0],"ti":[0,0.925,0]},{"t":79.19921875,"s":[-71.35,24.85,0]}],"ix":2,"l":2},"a":{"a":0,"k":[-35.5,9.5,0],"ix":1,"l":2},"s":{"a":0,"k":[-370,370,100],"ix":6,"l":2}},"ao":0,"shapes":[{"ty":"gr","it":[{"ty":"rd","nm":"Round Corners 1","r":{"a":0,"k":4,"ix":1},"ix":1,"mn":"ADBE Vector Filter - RC","hd":false},{"ind":1,"ty":"sh","ix":2,"ks":{"a":1,"k":[{"i":{"x":0.15,"y":1},"o":{"x":0.333,"y":0},"t":7.199,"s":[{"i":[[0,0],[0,0],[0,0],[0,0]],"o":[[0,0],[0,0],[0,0],[0,0]],"v":[[-16.402,-16.281],[-41.553,-16.287],[-41.559,27.976],[-16.361,27.976]],"c":true}]},{"i":{"x":0.667,"y":1},"o":{"x":0.85,"y":0},"t":31.199,"s":[{"i":[[0,0],[0,0],[0,0],[0,0]],"o":[[0,0],[0,0],[0,0],[0,0]],"v":[[-13.484,-12.957],[-38.634,-12.964],[-38.641,31.299],[-13.443,31.299]],"c":true}]},{"t":55.19921875,"s":[{"i":[[0,0],[0,0],[0,0],[0,0]],"o":[[0,0],[0,0],[0,0],[0,0]],"v":[[-16.402,-16.281],[-41.553,-16.287],[-41.559,27.976],[-16.361,27.976]],"c":true}]}],"ix":2},"nm":"Path 1","mn":"ADBE Vector Shape - Group","hd":false},{"ty":"st","c":{"a":0,"k":[0.03137254902,0.658823529412,0.541176470588,1],"ix":3},"o":{"a":0,"k":100,"ix":4},"w":{"a":0,"k":0,"ix":5},"lc":2,"lj":2,"bm":0,"nm":"Stroke 1","mn":"ADBE Vector Graphic - Stroke","hd":false},{"ty":"tr","p":{"a":0,"k":[0,0],"ix":2},"a":{"a":0,"k":[0,0],"ix":1},"s":{"a":0,"k":[100,100],"ix":3},"r":{"a":0,"k":0,"ix":6},"o":{"a":0,"k":100,"ix":7},"sk":{"a":0,"k":0,"ix":4},"sa":{"a":0,"k":0,"ix":5},"nm":"Transform"}],"nm":"Shape 1","np":3,"cix":2,"bm":0,"ix":1,"mn":"ADBE Vector Group","hd":false},{"ty":"fl","c":{"a":0,"k":[1,0,0,1],"ix":4},"o":{"a":0,"k":100,"ix":5},"r":1,"bm":0,"nm":"Fill 1","mn":"ADBE Vector Graphic - Fill","hd":false}],"ip":0,"op":300,"st":0,"bm":0},{"ddd":0,"ind":7,"ty":4,"nm":"Shape Layer 1","parent":4,"tt":2,"sr":1,"ks":{"o":{"a":0,"k":100,"ix":11},"r":{"a":1,"k":[{"i":{"x":[0.667],"y":[1]},"o":{"x":[0.167],"y":[0.167]},"t":0,"s":[-180]},{"i":{"x":[0.15],"y":[1]},"o":{"x":[0.333],"y":[0]},"t":7.199,"s":[-190]},{"i":{"x":[0.667],"y":[1]},"o":{"x":[0.85],"y":[0]},"t":31.199,"s":[-174]},{"i":{"x":[0.667],"y":[1]},"o":{"x":[0.333],"y":[0]},"t":55.199,"s":[-185]},{"i":{"x":[0.667],"y":[1]},"o":{"x":[0.333],"y":[0]},"t":69.6,"s":[-178]},{"t":79.19921875,"s":[-180]}],"ix":10},"p":{"a":1,"k":[{"i":{"x":0.667,"y":1},"o":{"x":0.167,"y":0.167},"t":0,"s":[-71.35,24.85,0],"to":[0,-4.625,0],"ti":[0,-3.083,0]},{"i":{"x":0.15,"y":1},"o":{"x":0.333,"y":0},"t":7.199,"s":[-71.35,-2.9,0],"to":[0,3.083,0],"ti":[0,-3.083,0]},{"i":{"x":0.667,"y":1},"o":{"x":0.85,"y":0},"t":31.199,"s":[-71.35,43.35,0],"to":[0,3.083,0],"ti":[0,2.158,0]},{"i":{"x":0.667,"y":1},"o":{"x":0.333,"y":0},"t":55.199,"s":[-71.35,15.6,0],"to":[0,-2.158,0],"ti":[0,-1.542,0]},{"i":{"x":0.667,"y":1},"o":{"x":0.333,"y":0},"t":69.6,"s":[-71.35,30.4,0],"to":[0,1.542,0],"ti":[0,0.925,0]},{"t":79.19921875,"s":[-71.35,24.85,0]}],"ix":2,"l":2},"a":{"a":0,"k":[-35.5,9.5,0],"ix":1,"l":2},"s":{"a":0,"k":[-370,370,100],"ix":6,"l":2}},"ao":0,"shapes":[{"ty":"gr","it":[{"ind":0,"ty":"sh","ix":1,"ks":{"a":1,"k":[{"i":{"x":0.667,"y":1},"o":{"x":0.333,"y":0},"t":0,"s":[{"i":[[0,0],[-2.638,0],[-5.52,0],[0,0],[0,2.43],[0,0],[2.414,0],[0,0],[0,0],[0,3.24],[0,0],[3.218,0],[0,0],[0,0],[0,3.538],[0,0],[3.515,0],[0,0],[0,0],[0,3.495],[0,0],[3.472,0],[0,0],[0,0],[4.851,0],[0,0],[0,-1.924],[0,0],[5.674,-0.153],[0,0],[0,0]],"o":[[0,0],[7.36,0],[0,0],[2.414,0],[0,0],[0,-2.43],[0,0],[0,0],[3.218,0],[0,0],[0,-3.24],[0,0],[0,0],[3.515,0],[0,0],[0,-3.538],[0,0],[0,0],[3.472,0],[0,0],[0,-3.495],[0,0],[0,0],[0,-4.851],[0,0],[-1.924,0],[0,0],[0,11.484],[0,0],[0,0],[0,0]],"v":[[-16.363,26.115],[-9.953,26.173],[6.761,32],[36.586,32],[40.956,27.601],[40.956,27.601],[36.586,23.201],[34.209,23.201],[39.576,23.201],[45.403,17.336],[45.403,17.336],[39.576,11.47],[38.196,11.47],[42.413,11.47],[48.776,5.064],[48.776,5.064],[42.413,-1.342],[41.569,-1.342],[42.489,-1.342],[48.776,-7.671],[48.776,-7.671],[42.489,-14],[21.493,-14],[21.493,-34.967],[12.71,-43.75],[12.71,-43.75],[9.226,-40.266],[9.226,-31.06],[-9.328,-11.056],[-9.328,-11.056],[-16.514,-10.985]],"c":false}]},{"i":{"x":0.833,"y":0.833},"o":{"x":0.333,"y":0},"t":7.199,"s":[{"i":[[0,0],[-2.638,0],[-5.508,-0.373],[0,0],[-0.164,2.424],[0,0],[2.408,0.163],[0,0],[0,0],[-0.219,3.232],[0,0],[3.211,0.217],[0,0],[0,0],[-0.239,3.53],[0,0],[3.507,0.237],[0,0],[0,0],[-0.236,3.487],[0,0],[3.464,0.234],[0,0],[0,0],[-0.382,4.836],[0,0],[1.918,0.151],[0,0],[5.674,-0.153],[0,0],[0,0]],"o":[[0,0],[7.36,0],[0,0],[2.408,0.163],[0,0],[0.164,-2.424],[0,0],[0,0],[3.211,0.217],[0,0],[0.219,-3.232],[0,0],[0,0],[3.507,0.237],[0,0],[0.239,-3.53],[0,0],[0,0],[3.464,0.234],[0,0],[0.236,-3.487],[0,0],[0,0],[4.836,0.382],[0,0],[0.151,-1.918],[0,0],[-11.449,-0.904],[0,0],[0,0],[0,0]],"v":[[-16.363,26.115],[-9.953,26.173],[3.392,31.594],[33.148,33.607],[37.805,29.513],[37.805,29.513],[33.742,24.829],[31.371,24.668],[36.725,25.031],[42.935,19.571],[42.935,19.571],[37.517,13.326],[36.14,13.233],[40.348,13.517],[47.129,7.555],[47.129,7.555],[41.212,0.734],[40.371,0.677],[41.289,0.74],[47.989,-5.151],[47.989,-5.151],[42.143,-11.889],[21.195,-13.306],[26.112,-17.349],[35.559,-25.414],[35.559,-25.414],[32.36,-29.161],[23.182,-29.886],[-9.328,-11.056],[-9.328,-11.056],[-16.514,-10.985]],"c":false}]},{"i":{"x":0.15,"y":1},"o":{"x":0.167,"y":0.167},"t":19.199,"s":[{"i":[[0,0],[-2.598,0.41],[-5.435,0.79],[0,0],[0.348,2.392],[0,0],[2.376,-0.345],[0,0],[0,0],[0.463,3.19],[0,0],[3.168,-0.46],[0,0],[0,0],[0.506,3.483],[0,0],[3.46,-0.503],[0,0],[0,0],[0.5,3.441],[0,0],[3.419,-0.497],[0,0],[0,0],[2.597,4.48],[0,0],[1.325,-0.726],[0,0],[5.565,-1.034],[0,0],[0,0]],"o":[[0,0],[7.25,-1.145],[0,0],[2.376,-0.345],[0,0],[-0.348,-2.392],[0,0],[0,0],[3.168,-0.46],[0,0],[-0.463,-3.19],[0,0],[0,0],[3.46,-0.503],[0,0],[-0.506,-3.483],[0,0],[0,0],[3.419,-0.497],[0,0],[-0.5,-3.441],[0,0],[0,0],[3.34,-1.831],[0,0],[-1.03,-1.777],[0,0],[-7.907,4.334],[0,0],[0,0],[0,0]],"v":[[-13.736,28.35],[-6.242,27.942],[10.501,31.005],[39.865,26.739],[43.538,21.783],[43.538,21.783],[38.606,18.077],[36.266,18.416],[41.55,17.649],[46.448,11.04],[46.448,11.04],[39.872,6.098],[38.513,6.296],[42.665,5.693],[48.014,-1.525],[48.014,-1.525],[40.833,-6.922],[40.002,-6.801],[40.908,-6.933],[46.193,-14.063],[46.193,-14.063],[39.097,-19.395],[18.426,-16.392],[17.018,-25.669],[25.117,-39.368],[25.117,-39.368],[20.853,-41.271],[7.76,-35.525],[-11.419,-8.825],[-11.419,-8.825],[-14.089,-8.607]],"c":false}]},{"i":{"x":0.667,"y":1},"o":{"x":0.85,"y":0},"t":31.199,"s":[{"i":[[0,0],[-2.589,0.504],[-5.418,1.056],[0,0],[0.465,2.385],[0,0],[2.369,-0.462],[0,0],[0,0],[0.619,3.18],[0,0],[3.159,-0.615],[0,0],[0,0],[0.677,3.473],[0,0],[3.45,-0.672],[0,0],[0,0],[0.668,3.431],[0,0],[3.408,-0.664],[0,0],[0,0],[4.761,-0.928],[0,0],[-0.368,-1.889],[0,0],[5.54,-1.235],[0,0],[0,0]],"o":[[0,0],[7.225,-1.407],[0,0],[2.369,-0.462],[0,0],[-0.465,-2.385],[0,0],[0,0],[3.159,-0.615],[0,0],[-0.619,-3.18],[0,0],[0,0],[3.45,-0.672],[0,0],[-0.677,-3.473],[0,0],[0,0],[3.408,-0.664],[0,0],[-0.668,-3.431],[0,0],[0,0],[-0.928,-4.761],[0,0],[-1.889,0.368],[0,0],[2.196,11.272],[0,0],[0,0],[0,0]],"v":[[-13.135,28.862],[-5.392,28.347],[12.127,30.871],[41.402,25.168],[44.85,20.014],[44.85,20.014],[39.719,16.531],[37.386,16.986],[42.654,15.959],[47.252,9.088],[47.252,9.088],[40.411,4.444],[39.056,4.708],[43.195,3.902],[48.217,-3.603],[48.217,-3.603],[40.746,-8.674],[39.918,-8.512],[40.821,-8.688],[45.782,-16.103],[45.782,-16.103],[38.4,-21.113],[17.792,-17.098],[11.033,-36.927],[0.732,-43.868],[0.732,-43.868],[-2.021,-39.782],[-0.261,-30.746],[-11.898,-8.315],[-11.898,-8.315],[-13.534,-8.063]],"c":false}]},{"i":{"x":0.667,"y":1},"o":{"x":0.333,"y":0},"t":55.199,"s":[{"i":[[0,0],[-2.609,-0.39],[-5.46,-0.816],[0,0],[-0.359,2.403],[0,0],[2.387,0.357],[0,0],[0,0],[-0.479,3.204],[0,0],[3.183,0.476],[0,0],[0,0],[-0.523,3.499],[0,0],[3.476,0.52],[0,0],[0,0],[-0.517,3.457],[0,0],[3.434,0.514],[0,0],[0,0],[4.073,2.634],[0,0],[1.045,-1.616],[0,0],[5.672,-0.201],[0,0],[0,0]],"o":[[0,0],[7.279,1.089],[0,0],[2.387,0.357],[0,0],[0.359,-2.403],[0,0],[0,0],[3.183,0.476],[0,0],[0.479,-3.204],[0,0],[0,0],[3.476,0.52],[0,0],[0.523,-3.499],[0,0],[0,0],[3.434,0.514],[0,0],[0.517,-3.457],[0,0],[0,0],[2.635,-4.073],[0,0],[-1.616,-1.045],[0,0],[-6.237,9.643],[0,0],[0,0],[0,0]],"v":[[-16.111,23.792],[-14.371,23.945],[1.297,32.18],[30.794,36.591],[35.767,32.886],[35.767,32.886],[32.095,27.889],[29.745,27.537],[35.053,28.331],[41.683,23.392],[41.683,23.392],[36.788,16.729],[35.423,16.524],[39.593,17.148],[46.834,11.754],[46.834,11.754],[41.488,4.477],[40.654,4.352],[41.564,4.488],[48.718,-0.841],[48.718,-0.841],[43.436,-8.03],[22.671,-11.136],[29.951,-29.474],[27.346,-41.619],[27.346,-41.619],[22.528,-40.585],[17.528,-32.855],[-4.493,-12.912],[-8.231,-12.607],[-15.417,-12.476]],"c":false}]},{"i":{"x":0.667,"y":1},"o":{"x":0.333,"y":0},"t":69.6,"s":[{"i":[[0,0],[-2.636,0.096],[-5.517,0.201],[0,0],[0.088,2.428],[0,0],[2.412,-0.088],[0,0],[0,0],[0.118,3.237],[0,0],[3.216,-0.117],[0,0],[0,0],[0.129,3.536],[0,0],[3.512,-0.128],[0,0],[0,0],[0.127,3.493],[0,0],[3.47,-0.126],[0,0],[0,0],[4.848,-0.176],[0,0],[-0.07,-1.923],[0,0],[5.664,-0.36],[0,0],[0,0]],"o":[[0,0],[7.355,-0.268],[0,0],[2.412,-0.088],[0,0],[-0.088,-2.428],[0,0],[0,0],[3.216,-0.117],[0,0],[-0.118,-3.237],[0,0],[0,0],[3.512,-0.128],[0,0],[-0.129,-3.536],[0,0],[0,0],[3.47,-0.126],[0,0],[-0.127,-3.493],[0,0],[0,0],[-0.176,-4.848],[0,0],[-1.923,0.07],[0,0],[0.418,11.477],[0,0],[0,0],[0,0]],"v":[[-16.323,24.234],[-8.898,23.594],[8.017,28.809],[37.822,27.724],[42.029,23.169],[42.029,23.169],[37.502,18.932],[35.127,19.018],[40.49,18.823],[46.1,12.749],[46.1,12.749],[40.063,7.099],[38.684,7.149],[42.898,6.996],[49.025,0.363],[49.025,0.363],[42.432,-5.808],[41.59,-5.777],[42.509,-5.811],[48.562,-12.364],[48.562,-12.364],[42.049,-18.46],[21.067,-17.696],[20.304,-38.649],[11.207,-47.107],[11.207,-47.107],[7.852,-43.499],[8.187,-34.299],[-9.627,-13.633],[-9.627,-13.633],[-16.806,-13.301]],"c":false}]},{"t":79.19921875,"s":[{"i":[[0,0],[-2.638,0],[-5.52,0],[0,0],[0,2.43],[0,0],[2.414,0],[0,0],[0,0],[0,3.24],[0,0],[3.218,0],[0,0],[0,0],[0,3.538],[0,0],[3.515,0],[0,0],[0,0],[0,3.495],[0,0],[3.472,0],[0,0],[0,0],[4.851,0],[0,0],[0,-1.924],[0,0],[5.674,-0.153],[0,0],[0,0]],"o":[[0,0],[7.36,0],[0,0],[2.414,0],[0,0],[0,-2.43],[0,0],[0,0],[3.218,0],[0,0],[0,-3.24],[0,0],[0,0],[3.515,0],[0,0],[0,-3.538],[0,0],[0,0],[3.472,0],[0,0],[0,-3.495],[0,0],[0,0],[0,-4.851],[0,0],[-1.924,0],[0,0],[0,11.484],[0,0],[0,0],[0,0]],"v":[[-16.363,26.115],[-9.953,26.173],[6.761,32],[36.586,32],[40.956,27.601],[40.956,27.601],[36.586,23.201],[34.209,23.201],[39.576,23.201],[45.403,17.336],[45.403,17.336],[39.576,11.47],[38.196,11.47],[42.413,11.47],[48.776,5.064],[48.776,5.064],[42.413,-1.342],[41.569,-1.342],[42.489,-1.342],[48.776,-7.671],[48.776,-7.671],[42.489,-14],[21.493,-14],[21.493,-34.967],[12.71,-43.75],[12.71,-43.75],[9.226,-40.266],[9.226,-31.06],[-9.328,-11.056],[-9.328,-11.056],[-16.514,-10.985]],"c":false}]}],"ix":2},"nm":"Path 2","mn":"ADBE Vector Shape - Group","hd":false},{"ty":"rd","nm":"Round Corners 1","r":{"a":0,"k":4,"ix":1},"ix":2,"mn":"ADBE Vector Filter - RC","hd":false},{"ty":"st","c":{"a":0,"k":[0.03137254902,0.658823529412,0.541176470588,1],"ix":3,"x":"var $bm_rt;\n$bm_rt = thisComp.layer('Color  & Stroke Change').effect('Primary')('Color');"},"o":{"a":0,"k":100,"ix":4},"w":{"a":0,"k":5,"ix":5,"x":"var $bm_rt;\n$bm_rt = $bm_mul(5 / 100, thisComp.layer('Color  & Stroke Change').effect('Stroke')('Slider'));"},"lc":2,"lj":2,"bm":0,"nm":"Stroke 1","mn":"ADBE Vector Graphic - Stroke","hd":false},{"ty":"tr","p":{"a":0,"k":[0,0],"ix":2},"a":{"a":0,"k":[0,0],"ix":1},"s":{"a":0,"k":[100,100],"ix":3},"r":{"a":0,"k":0,"ix":6},"o":{"a":0,"k":100,"ix":7},"sk":{"a":0,"k":0,"ix":4},"sa":{"a":0,"k":0,"ix":5},"nm":"Transform"}],"nm":"Shape 1","np":3,"cix":2,"bm":0,"ix":1,"mn":"ADBE Vector Group","hd":false}],"ip":0,"op":300,"st":0,"bm":0}],"markers":[]}