{"v":"5.7.6","fr":60,"ip":0,"op":80,"w":500,"h":500,"nm":"1122-thumb-down-outline","ddd":0,"assets":[],"layers":[{"ddd":0,"ind":1,"ty":4,"nm":"Shape Layer 2","sr":1,"ks":{"o":{"a":0,"k":100,"ix":11},"r":{"a":1,"k":[{"i":{"x":[0.667],"y":[1]},"o":{"x":[0.167],"y":[0.167]},"t":0,"s":[-180]},{"i":{"x":[0.15],"y":[1]},"o":{"x":[0.333],"y":[0]},"t":7.199,"s":[-190]},{"i":{"x":[0.667],"y":[1]},"o":{"x":[0.85],"y":[0]},"t":31.199,"s":[-174]},{"i":{"x":[0.667],"y":[1]},"o":{"x":[0.333],"y":[0]},"t":55.199,"s":[-185]},{"i":{"x":[0.667],"y":[1]},"o":{"x":[0.333],"y":[0]},"t":69.6,"s":[-178]},{"t":79.19921875,"s":[-180]}],"ix":10},"p":{"a":1,"k":[{"i":{"x":0.667,"y":1},"o":{"x":0.167,"y":0.167},"t":0,"s":[118.65,214.85,0],"to":[0,-4.625,0],"ti":[0,-3.083,0]},{"i":{"x":0.15,"y":1},"o":{"x":0.333,"y":0},"t":7.199,"s":[118.65,187.1,0],"to":[0,3.083,0],"ti":[0,-3.083,0]},{"i":{"x":0.667,"y":1},"o":{"x":0.85,"y":0},"t":31.199,"s":[118.65,233.35,0],"to":[0,3.083,0],"ti":[0,2.158,0]},{"i":{"x":0.667,"y":1},"o":{"x":0.333,"y":0},"t":55.199,"s":[118.65,205.6,0],"to":[0,-2.158,0],"ti":[0,-1.542,0]},{"i":{"x":0.667,"y":1},"o":{"x":0.333,"y":0},"t":69.6,"s":[118.65,220.4,0],"to":[0,1.542,0],"ti":[0,0.925,0]},{"t":79.19921875,"s":[118.65,214.85,0]}],"ix":2,"l":2},"a":{"a":0,"k":[-35.5,9.5,0],"ix":1,"l":2},"s":{"a":0,"k":[-370,370,100],"ix":6,"l":2}},"ao":0,"shapes":[{"ty":"gr","it":[{"ty":"rd","nm":"Round Corners 1","r":{"a":0,"k":4,"ix":1},"ix":1,"mn":"ADBE Vector Filter - RC","hd":false},{"ind":1,"ty":"sh","ix":2,"ks":{"a":1,"k":[{"i":{"x":0.15,"y":1},"o":{"x":0.333,"y":0},"t":7.199,"s":[{"i":[[0,0],[0,0],[0,0],[0,0]],"o":[[0,0],[0,0],[0,0],[0,0]],"v":[[-16.402,-16.281],[-41.553,-16.287],[-41.559,27.976],[-16.361,27.976]],"c":true}]},{"i":{"x":0.667,"y":1},"o":{"x":0.85,"y":0},"t":31.199,"s":[{"i":[[0,0],[0,0],[0,0],[0,0]],"o":[[0,0],[0,0],[0,0],[0,0]],"v":[[-13.484,-12.957],[-38.634,-12.964],[-38.641,31.299],[-13.443,31.299]],"c":true}]},{"t":55.19921875,"s":[{"i":[[0,0],[0,0],[0,0],[0,0]],"o":[[0,0],[0,0],[0,0],[0,0]],"v":[[-16.402,-16.281],[-41.553,-16.287],[-41.559,27.976],[-16.361,27.976]],"c":true}]}],"ix":2},"nm":"Path 1","mn":"ADBE Vector Shape - Group","hd":false},{"ty":"st","c":{"a":0,"k":[0,0,0,1],"ix":3},"o":{"a":0,"k":100,"ix":4},"w":{"a":0,"k":5,"ix":5},"lc":2,"lj":2,"bm":0,"nm":"Stroke 1","mn":"ADBE Vector Graphic - Stroke","hd":false},{"ty":"tr","p":{"a":0,"k":[0,0],"ix":2},"a":{"a":0,"k":[0,0],"ix":1},"s":{"a":0,"k":[100,100],"ix":3},"r":{"a":0,"k":0,"ix":6},"o":{"a":0,"k":100,"ix":7},"sk":{"a":0,"k":0,"ix":4},"sa":{"a":0,"k":0,"ix":5},"nm":"Transform"}],"nm":"Shape 1","np":3,"cix":2,"bm":0,"ix":1,"mn":"ADBE Vector Group","hd":false}],"ip":0,"op":300,"st":0,"bm":0},{"ddd":0,"ind":2,"ty":4,"nm":"Shape Layer 3","td":1,"sr":1,"ks":{"o":{"a":0,"k":100,"ix":11},"r":{"a":1,"k":[{"i":{"x":[0.667],"y":[1]},"o":{"x":[0.167],"y":[0.167]},"t":0,"s":[-180]},{"i":{"x":[0.15],"y":[1]},"o":{"x":[0.333],"y":[0]},"t":7.199,"s":[-190]},{"i":{"x":[0.667],"y":[1]},"o":{"x":[0.85],"y":[0]},"t":31.199,"s":[-174]},{"i":{"x":[0.667],"y":[1]},"o":{"x":[0.333],"y":[0]},"t":55.199,"s":[-185]},{"i":{"x":[0.667],"y":[1]},"o":{"x":[0.333],"y":[0]},"t":69.6,"s":[-178]},{"t":79.19921875,"s":[-180]}],"ix":10},"p":{"a":1,"k":[{"i":{"x":0.667,"y":1},"o":{"x":0.167,"y":0.167},"t":0,"s":[118.65,214.85,0],"to":[0,-4.625,0],"ti":[0,-3.083,0]},{"i":{"x":0.15,"y":1},"o":{"x":0.333,"y":0},"t":7.199,"s":[118.65,187.1,0],"to":[0,3.083,0],"ti":[0,-3.083,0]},{"i":{"x":0.667,"y":1},"o":{"x":0.85,"y":0},"t":31.199,"s":[118.65,233.35,0],"to":[0,3.083,0],"ti":[0,2.158,0]},{"i":{"x":0.667,"y":1},"o":{"x":0.333,"y":0},"t":55.199,"s":[118.65,205.6,0],"to":[0,-2.158,0],"ti":[0,-1.542,0]},{"i":{"x":0.667,"y":1},"o":{"x":0.333,"y":0},"t":69.6,"s":[118.65,220.4,0],"to":[0,1.542,0],"ti":[0,0.925,0]},{"t":79.19921875,"s":[118.65,214.85,0]}],"ix":2,"l":2},"a":{"a":0,"k":[-35.5,9.5,0],"ix":1,"l":2},"s":{"a":0,"k":[-370,370,100],"ix":6,"l":2}},"ao":0,"shapes":[{"ty":"gr","it":[{"ty":"rd","nm":"Round Corners 1","r":{"a":0,"k":4,"ix":1},"ix":1,"mn":"ADBE Vector Filter - RC","hd":false},{"ind":1,"ty":"sh","ix":2,"ks":{"a":1,"k":[{"i":{"x":0.15,"y":1},"o":{"x":0.333,"y":0},"t":7.199,"s":[{"i":[[0,0],[0,0],[0,0],[0,0]],"o":[[0,0],[0,0],[0,0],[0,0]],"v":[[-16.402,-16.281],[-41.553,-16.287],[-41.559,27.976],[-16.361,27.976]],"c":true}]},{"i":{"x":0.667,"y":1},"o":{"x":0.85,"y":0},"t":31.199,"s":[{"i":[[0,0],[0,0],[0,0],[0,0]],"o":[[0,0],[0,0],[0,0],[0,0]],"v":[[-13.484,-12.957],[-38.634,-12.964],[-38.641,31.299],[-13.443,31.299]],"c":true}]},{"t":55.19921875,"s":[{"i":[[0,0],[0,0],[0,0],[0,0]],"o":[[0,0],[0,0],[0,0],[0,0]],"v":[[-16.402,-16.281],[-41.553,-16.287],[-41.559,27.976],[-16.361,27.976]],"c":true}]}],"ix":2},"nm":"Path 1","mn":"ADBE Vector Shape - Group","hd":false},{"ty":"st","c":{"a":0,"k":[0,0,0,1],"ix":3},"o":{"a":0,"k":100,"ix":4},"w":{"a":0,"k":0,"ix":5},"lc":2,"lj":2,"bm":0,"nm":"Stroke 1","mn":"ADBE Vector Graphic - Stroke","hd":false},{"ty":"tr","p":{"a":0,"k":[0,0],"ix":2},"a":{"a":0,"k":[0,0],"ix":1},"s":{"a":0,"k":[100,100],"ix":3},"r":{"a":0,"k":0,"ix":6},"o":{"a":0,"k":100,"ix":7},"sk":{"a":0,"k":0,"ix":4},"sa":{"a":0,"k":0,"ix":5},"nm":"Transform"}],"nm":"Shape 1","np":3,"cix":2,"bm":0,"ix":1,"mn":"ADBE Vector Group","hd":false},{"ty":"fl","c":{"a":0,"k":[1,0,0,1],"ix":4},"o":{"a":0,"k":100,"ix":5},"r":1,"bm":0,"nm":"Fill 1","mn":"ADBE Vector Graphic - Fill","hd":false}],"ip":0,"op":300,"st":0,"bm":0},{"ddd":0,"ind":3,"ty":4,"nm":"Shape Layer 1","tt":2,"sr":1,"ks":{"o":{"a":0,"k":100,"ix":11},"r":{"a":1,"k":[{"i":{"x":[0.667],"y":[1]},"o":{"x":[0.167],"y":[0.167]},"t":0,"s":[-180]},{"i":{"x":[0.15],"y":[1]},"o":{"x":[0.333],"y":[0]},"t":7.199,"s":[-190]},{"i":{"x":[0.667],"y":[1]},"o":{"x":[0.85],"y":[0]},"t":31.199,"s":[-174]},{"i":{"x":[0.667],"y":[1]},"o":{"x":[0.333],"y":[0]},"t":55.199,"s":[-185]},{"i":{"x":[0.667],"y":[1]},"o":{"x":[0.333],"y":[0]},"t":69.6,"s":[-178]},{"t":79.19921875,"s":[-180]}],"ix":10},"p":{"a":1,"k":[{"i":{"x":0.667,"y":1},"o":{"x":0.167,"y":0.167},"t":0,"s":[118.65,214.85,0],"to":[0,-4.625,0],"ti":[0,-3.083,0]},{"i":{"x":0.15,"y":1},"o":{"x":0.333,"y":0},"t":7.199,"s":[118.65,187.1,0],"to":[0,3.083,0],"ti":[0,-3.083,0]},{"i":{"x":0.667,"y":1},"o":{"x":0.85,"y":0},"t":31.199,"s":[118.65,233.35,0],"to":[0,3.083,0],"ti":[0,2.158,0]},{"i":{"x":0.667,"y":1},"o":{"x":0.333,"y":0},"t":55.199,"s":[118.65,205.6,0],"to":[0,-2.158,0],"ti":[0,-1.542,0]},{"i":{"x":0.667,"y":1},"o":{"x":0.333,"y":0},"t":69.6,"s":[118.65,220.4,0],"to":[0,1.542,0],"ti":[0,0.925,0]},{"t":79.19921875,"s":[118.65,214.85,0]}],"ix":2,"l":2},"a":{"a":0,"k":[-35.5,9.5,0],"ix":1,"l":2},"s":{"a":0,"k":[-370,370,100],"ix":6,"l":2}},"ao":0,"shapes":[{"ty":"gr","it":[{"ind":0,"ty":"sh","ix":1,"ks":{"a":1,"k":[{"i":{"x":0.667,"y":1},"o":{"x":0.333,"y":0},"t":0,"s":[{"i":[[0,0],[-2.638,0],[-5.52,0],[0,0],[0,2.43],[0,0],[2.414,0],[0,0],[0,0],[0,3.24],[0,0],[3.218,0],[0,0],[0,0],[0,3.538],[0,0],[3.515,0],[0,0],[0,0],[0,3.495],[0,0],[3.472,0],[0,0],[0,0],[4.851,0],[0,0],[0,-1.924],[0,0],[5.674,-0.153],[0,0],[0,0]],"o":[[0,0],[7.36,0],[0,0],[2.414,0],[0,0],[0,-2.43],[0,0],[0,0],[3.218,0],[0,0],[0,-3.24],[0,0],[0,0],[3.515,0],[0,0],[0,-3.538],[0,0],[0,0],[3.472,0],[0,0],[0,-3.495],[0,0],[0,0],[0,-4.851],[0,0],[-1.924,0],[0,0],[0,11.484],[0,0],[0,0],[0,0]],"v":[[-16.363,26.115],[-9.953,26.173],[6.761,32],[36.586,32],[40.956,27.601],[40.956,27.601],[36.586,23.201],[34.209,23.201],[39.576,23.201],[45.403,17.336],[45.403,17.336],[39.576,11.47],[38.196,11.47],[42.413,11.47],[48.776,5.064],[48.776,5.064],[42.413,-1.342],[41.569,-1.342],[42.489,-1.342],[48.776,-7.671],[48.776,-7.671],[42.489,-14],[21.493,-14],[21.493,-34.967],[12.71,-43.75],[12.71,-43.75],[9.226,-40.266],[9.226,-31.06],[-9.328,-11.056],[-9.328,-11.056],[-16.514,-10.985]],"c":false}]},{"i":{"x":0.833,"y":0.833},"o":{"x":0.333,"y":0},"t":7.199,"s":[{"i":[[0,0],[-2.638,0],[-5.508,-0.373],[0,0],[-0.164,2.424],[0,0],[2.408,0.163],[0,0],[0,0],[-0.219,3.232],[0,0],[3.211,0.217],[0,0],[0,0],[-0.239,3.53],[0,0],[3.507,0.237],[0,0],[0,0],[-0.236,3.487],[0,0],[3.464,0.234],[0,0],[0,0],[-0.382,4.836],[0,0],[1.918,0.151],[0,0],[5.674,-0.153],[0,0],[0,0]],"o":[[0,0],[7.36,0],[0,0],[2.408,0.163],[0,0],[0.164,-2.424],[0,0],[0,0],[3.211,0.217],[0,0],[0.219,-3.232],[0,0],[0,0],[3.507,0.237],[0,0],[0.239,-3.53],[0,0],[0,0],[3.464,0.234],[0,0],[0.236,-3.487],[0,0],[0,0],[4.836,0.382],[0,0],[0.151,-1.918],[0,0],[-11.449,-0.904],[0,0],[0,0],[0,0]],"v":[[-16.363,26.115],[-9.953,26.173],[3.392,31.594],[33.148,33.607],[37.805,29.513],[37.805,29.513],[33.742,24.829],[31.371,24.668],[36.725,25.031],[42.935,19.571],[42.935,19.571],[37.517,13.326],[36.14,13.233],[40.348,13.517],[47.129,7.555],[47.129,7.555],[41.212,0.734],[40.371,0.677],[41.289,0.74],[47.989,-5.151],[47.989,-5.151],[42.143,-11.889],[21.195,-13.306],[26.112,-17.349],[35.559,-25.414],[35.559,-25.414],[32.36,-29.161],[23.182,-29.886],[-9.328,-11.056],[-9.328,-11.056],[-16.514,-10.985]],"c":false}]},{"i":{"x":0.15,"y":1},"o":{"x":0.167,"y":0.167},"t":19.199,"s":[{"i":[[0,0],[-2.598,0.41],[-5.435,0.79],[0,0],[0.348,2.392],[0,0],[2.376,-0.345],[0,0],[0,0],[0.463,3.19],[0,0],[3.168,-0.46],[0,0],[0,0],[0.506,3.483],[0,0],[3.46,-0.503],[0,0],[0,0],[0.5,3.441],[0,0],[3.419,-0.497],[0,0],[0,0],[2.597,4.48],[0,0],[1.325,-0.726],[0,0],[5.565,-1.034],[0,0],[0,0]],"o":[[0,0],[7.25,-1.145],[0,0],[2.376,-0.345],[0,0],[-0.348,-2.392],[0,0],[0,0],[3.168,-0.46],[0,0],[-0.463,-3.19],[0,0],[0,0],[3.46,-0.503],[0,0],[-0.506,-3.483],[0,0],[0,0],[3.419,-0.497],[0,0],[-0.5,-3.441],[0,0],[0,0],[3.34,-1.831],[0,0],[-1.03,-1.777],[0,0],[-7.907,4.334],[0,0],[0,0],[0,0]],"v":[[-13.736,28.35],[-6.242,27.942],[10.501,31.005],[39.865,26.739],[43.538,21.783],[43.538,21.783],[38.606,18.077],[36.266,18.416],[41.55,17.649],[46.448,11.04],[46.448,11.04],[39.872,6.098],[38.513,6.296],[42.665,5.693],[48.014,-1.525],[48.014,-1.525],[40.833,-6.922],[40.002,-6.801],[40.908,-6.933],[46.193,-14.063],[46.193,-14.063],[39.097,-19.395],[18.426,-16.392],[17.018,-25.669],[25.117,-39.368],[25.117,-39.368],[20.853,-41.271],[7.76,-35.525],[-11.419,-8.825],[-11.419,-8.825],[-14.089,-8.607]],"c":false}]},{"i":{"x":0.667,"y":1},"o":{"x":0.85,"y":0},"t":31.199,"s":[{"i":[[0,0],[-2.589,0.504],[-5.418,1.056],[0,0],[0.465,2.385],[0,0],[2.369,-0.462],[0,0],[0,0],[0.619,3.18],[0,0],[3.159,-0.615],[0,0],[0,0],[0.677,3.473],[0,0],[3.45,-0.672],[0,0],[0,0],[0.668,3.431],[0,0],[3.408,-0.664],[0,0],[0,0],[4.761,-0.928],[0,0],[-0.368,-1.889],[0,0],[5.54,-1.235],[0,0],[0,0]],"o":[[0,0],[7.225,-1.407],[0,0],[2.369,-0.462],[0,0],[-0.465,-2.385],[0,0],[0,0],[3.159,-0.615],[0,0],[-0.619,-3.18],[0,0],[0,0],[3.45,-0.672],[0,0],[-0.677,-3.473],[0,0],[0,0],[3.408,-0.664],[0,0],[-0.668,-3.431],[0,0],[0,0],[-0.928,-4.761],[0,0],[-1.889,0.368],[0,0],[2.196,11.272],[0,0],[0,0],[0,0]],"v":[[-13.135,28.862],[-5.392,28.347],[12.127,30.871],[41.402,25.168],[44.85,20.014],[44.85,20.014],[39.719,16.531],[37.386,16.986],[42.654,15.959],[47.252,9.088],[47.252,9.088],[40.411,4.444],[39.056,4.708],[43.195,3.902],[48.217,-3.603],[48.217,-3.603],[40.746,-8.674],[39.918,-8.512],[40.821,-8.688],[45.782,-16.103],[45.782,-16.103],[38.4,-21.113],[17.792,-17.098],[11.033,-36.927],[0.732,-43.868],[0.732,-43.868],[-2.021,-39.782],[-0.261,-30.746],[-11.898,-8.315],[-11.898,-8.315],[-13.534,-8.063]],"c":false}]},{"i":{"x":0.667,"y":1},"o":{"x":0.333,"y":0},"t":55.199,"s":[{"i":[[0,0],[-2.609,-0.39],[-5.46,-0.816],[0,0],[-0.359,2.403],[0,0],[2.387,0.357],[0,0],[0,0],[-0.479,3.204],[0,0],[3.183,0.476],[0,0],[0,0],[-0.523,3.499],[0,0],[3.476,0.52],[0,0],[0,0],[-0.517,3.457],[0,0],[3.434,0.514],[0,0],[0,0],[4.073,2.634],[0,0],[1.045,-1.616],[0,0],[5.672,-0.201],[0,0],[0,0]],"o":[[0,0],[7.279,1.089],[0,0],[2.387,0.357],[0,0],[0.359,-2.403],[0,0],[0,0],[3.183,0.476],[0,0],[0.479,-3.204],[0,0],[0,0],[3.476,0.52],[0,0],[0.523,-3.499],[0,0],[0,0],[3.434,0.514],[0,0],[0.517,-3.457],[0,0],[0,0],[2.635,-4.073],[0,0],[-1.616,-1.045],[0,0],[-6.237,9.643],[0,0],[0,0],[0,0]],"v":[[-16.111,23.792],[-14.371,23.945],[1.297,32.18],[30.794,36.591],[35.767,32.886],[35.767,32.886],[32.095,27.889],[29.745,27.537],[35.053,28.331],[41.683,23.392],[41.683,23.392],[36.788,16.729],[35.423,16.524],[39.593,17.148],[46.834,11.754],[46.834,11.754],[41.488,4.477],[40.654,4.352],[41.564,4.488],[48.718,-0.841],[48.718,-0.841],[43.436,-8.03],[22.671,-11.136],[29.951,-29.474],[27.346,-41.619],[27.346,-41.619],[22.528,-40.585],[17.528,-32.855],[-4.493,-12.912],[-8.231,-12.607],[-15.417,-12.476]],"c":false}]},{"i":{"x":0.667,"y":1},"o":{"x":0.333,"y":0},"t":69.6,"s":[{"i":[[0,0],[-2.636,0.096],[-5.517,0.201],[0,0],[0.088,2.428],[0,0],[2.412,-0.088],[0,0],[0,0],[0.118,3.237],[0,0],[3.216,-0.117],[0,0],[0,0],[0.129,3.536],[0,0],[3.512,-0.128],[0,0],[0,0],[0.127,3.493],[0,0],[3.47,-0.126],[0,0],[0,0],[4.848,-0.176],[0,0],[-0.07,-1.923],[0,0],[5.664,-0.36],[0,0],[0,0]],"o":[[0,0],[7.355,-0.268],[0,0],[2.412,-0.088],[0,0],[-0.088,-2.428],[0,0],[0,0],[3.216,-0.117],[0,0],[-0.118,-3.237],[0,0],[0,0],[3.512,-0.128],[0,0],[-0.129,-3.536],[0,0],[0,0],[3.47,-0.126],[0,0],[-0.127,-3.493],[0,0],[0,0],[-0.176,-4.848],[0,0],[-1.923,0.07],[0,0],[0.418,11.477],[0,0],[0,0],[0,0]],"v":[[-16.323,24.234],[-8.898,23.594],[8.017,28.809],[37.822,27.724],[42.029,23.169],[42.029,23.169],[37.502,18.932],[35.127,19.018],[40.49,18.823],[46.1,12.749],[46.1,12.749],[40.063,7.099],[38.684,7.149],[42.898,6.996],[49.025,0.363],[49.025,0.363],[42.432,-5.808],[41.59,-5.777],[42.509,-5.811],[48.562,-12.364],[48.562,-12.364],[42.049,-18.46],[21.067,-17.696],[20.304,-38.649],[11.207,-47.107],[11.207,-47.107],[7.852,-43.499],[8.187,-34.299],[-9.627,-13.633],[-9.627,-13.633],[-16.806,-13.301]],"c":false}]},{"t":79.19921875,"s":[{"i":[[0,0],[-2.638,0],[-5.52,0],[0,0],[0,2.43],[0,0],[2.414,0],[0,0],[0,0],[0,3.24],[0,0],[3.218,0],[0,0],[0,0],[0,3.538],[0,0],[3.515,0],[0,0],[0,0],[0,3.495],[0,0],[3.472,0],[0,0],[0,0],[4.851,0],[0,0],[0,-1.924],[0,0],[5.674,-0.153],[0,0],[0,0]],"o":[[0,0],[7.36,0],[0,0],[2.414,0],[0,0],[0,-2.43],[0,0],[0,0],[3.218,0],[0,0],[0,-3.24],[0,0],[0,0],[3.515,0],[0,0],[0,-3.538],[0,0],[0,0],[3.472,0],[0,0],[0,-3.495],[0,0],[0,0],[0,-4.851],[0,0],[-1.924,0],[0,0],[0,11.484],[0,0],[0,0],[0,0]],"v":[[-16.363,26.115],[-9.953,26.173],[6.761,32],[36.586,32],[40.956,27.601],[40.956,27.601],[36.586,23.201],[34.209,23.201],[39.576,23.201],[45.403,17.336],[45.403,17.336],[39.576,11.47],[38.196,11.47],[42.413,11.47],[48.776,5.064],[48.776,5.064],[42.413,-1.342],[41.569,-1.342],[42.489,-1.342],[48.776,-7.671],[48.776,-7.671],[42.489,-14],[21.493,-14],[21.493,-34.967],[12.71,-43.75],[12.71,-43.75],[9.226,-40.266],[9.226,-31.06],[-9.328,-11.056],[-9.328,-11.056],[-16.514,-10.985]],"c":false}]}],"ix":2},"nm":"Path 2","mn":"ADBE Vector Shape - Group","hd":false},{"ty":"rd","nm":"Round Corners 1","r":{"a":0,"k":4,"ix":1},"ix":2,"mn":"ADBE Vector Filter - RC","hd":false},{"ty":"st","c":{"a":0,"k":[0,0,0,1],"ix":3},"o":{"a":0,"k":100,"ix":4},"w":{"a":0,"k":5,"ix":5},"lc":2,"lj":2,"bm":0,"nm":"Stroke 1","mn":"ADBE Vector Graphic - Stroke","hd":false},{"ty":"tr","p":{"a":0,"k":[0,0],"ix":2},"a":{"a":0,"k":[0,0],"ix":1},"s":{"a":0,"k":[100,100],"ix":3},"r":{"a":0,"k":0,"ix":6},"o":{"a":0,"k":100,"ix":7},"sk":{"a":0,"k":0,"ix":4},"sa":{"a":0,"k":0,"ix":5},"nm":"Transform"}],"nm":"Shape 1","np":3,"cix":2,"bm":0,"ix":1,"mn":"ADBE Vector Group","hd":false}],"ip":0,"op":300,"st":0,"bm":0}],"markers":[]}